序号,目录,图标,id,歌名,艺术家,BPM,BPMRNG,4BEZ,4BNM,4BHD,4BSHD,5BEZ,5BNM,5BHD,5BSHD,6BEZ,6BNM,6BHD,6BSHD,8BEZ,8BNM,8BHD,8BSHD,4SEZ,4SNM,4SHD,4SSHD,5SEZ,5SNM,5SHD,5SSHD,6SEZ,6SNM,6SHD,6SSHD,8SEZ,8SNM,8SHD,8SSHD
1,1ST,"<img src=""../minidisc/BabyDance.png""/>",BabyDance,Baby Dance,Ruby Tuesday,111, ,1,3,6,9,2,5,8,11,4,6,9,11,0,0,0,0,1,3,6,9,2,5,8,11,4,6,9,11,1,3,7,11
2,1ST,"<img src=""../minidisc/CatchTheFlow.png""/>",CatchTheFlow,Catch The Flow,Creatune,97, ,2,5,7,10,2,5,7,8,3,5,8,9,0,0,0,0,2,5,7,10,2,5,7,8,3,5,8,9,2,4,6,7
3,1ST,"<img src=""../minidisc/Confete.png""/>",Confete,Confete,Ruby Tuesday,94, ,2,4,9,12,2,5,7,8,2,5,7,9,0,0,0,0,2,4,9,12,2,5,7,8,2,5,7,9,2,3,6,8
4,1ST,"<img src=""../minidisc/DirtyD.png""/>",DirtyD,Dirty D,Ruby Tuesday,100, ,3,6,9,11,3,7,10,12,4,7,10,12,0,0,0,0,3,6,9,11,3,7,10,12,4,7,10,12,4,6,9,11
5,1ST,"<img src=""../minidisc/DoYouRemember.png""/>",DoYouRemember,Do you remember?,Ruby Tuesday,139, ,1,3,6,10,2,5,7,11,1,6,9,12,0,0,0,0,1,3,6,10,2,5,7,11,1,6,9,12,2,5,7,11
6,1ST,"<img src=""../minidisc/EnvyMaskRemaster.png""/>",EnvyMaskRemaster,Envy Mask (Remaster),Creatune & Mario Bolden,118, ,4,9,13,15,5,9,12,15,4,8,12,15,0,0,0,0,4,9,13,15,5,9,12,15,4,8,12,15,7,10,12,15
7,1ST,"<img src=""../minidisc/FreedomRemaster.png""/>",FreedomRemaster,Freedom (Remaster),Ruby Tuesday,93, ,1,4,8,11,2,5,9,12,1,6,9,13,0,0,0,0,1,4,8,11,2,5,9,12,1,6,9,13,1,4,8,11
8,1ST,"<img src=""../minidisc/FunnyFunky.png""/>",FunnyFunky,Funny Funky,CROOVE,92, ,3,5,7,9,2,3,6,9,3,5,8,10,0,0,0,0,3,5,7,9,2,3,6,9,3,5,8,10,2,4,6,8
9,1ST,"<img src=""../minidisc/GetTheBeat.png""/>",GetTheBeat,Get the beat,DJ.Hong,95, ,1,4,7,9,1,3,5,7,1,3,6,9,0,0,0,0,1,4,7,9,1,3,5,7,1,3,6,9,1,3,5,7
10,1ST,"<img src=""../minidisc/IDoLoveYou.png""/>",IDoLoveYou,I Do Love You,Jeon Jun-kyu & CROOVE,100, ,3,5,9,11,1,4,7,11,2,4,7,10,0,0,0,0,3,5,9,11,1,4,7,11,2,4,7,10,2,4,7,9
11,1ST,"<img src=""../minidisc/IveFallenRemaster.png""/>",IveFallenRemaster,I've Fallen,Ruby Tuesday,122, ,2,5,9,13,4,6,11,13,5,7,12,15,0,0,0,0,2,5,9,13,4,6,11,13,5,7,12,15,6,8,11,14
12,1ST,"<img src=""../minidisc/LetItGo.png""/>",LetItGo,Let It Go,Ruby Tuesday,109, ,3,8,11,13,2,7,11,13,3,8,12,14,0,0,0,0,3,8,11,13,2,7,11,13,3,8,12,14,6,10,12,14
13,1ST,"<img src=""../minidisc/LookOutRemaster.png""/>",LookOutRemaster,Look out (Remaster),Ruby Tuesday,125, ,1,4,9,12,1,6,11,13,1,7,10,13,0,0,0,0,1,4,9,12,1,6,11,13,1,7,10,13,1,5,10,14
14,1ST,"<img src=""../minidisc/Minus1.png""/>",Minus1,Minus 1,Danmal-G,130, ,2,4,8,11,4,7,10,13,2,6,9,12,0,0,0,0,2,4,8,11,4,7,10,13,2,6,9,12,3,6,10,13
15,1ST,"<img src=""../minidisc/Minus1HDMix.png""/>",Minus1HDMix,Minus 1（HD MIX）,Danmal-G,145, ,5,7,9,12,5,8,11,15,4,9,13,15,0,0,0,0,5,7,9,12,5,8,11,15,4,9,13,15,3,10,12,15
16,1ST,"<img src=""../minidisc/MysticDream9903.png""/>",MysticDream9903,Mystic Dream 9903,Danmal-G,150, ,3,5,10,13,3,6,10,13,2,7,11,14,0,0,0,0,3,5,10,13,3,6,10,13,2,7,11,14,2,6,9,14
17,1ST,"<img src=""../minidisc/QuakeInKyoto.png""/>",QuakeInKyoto,Quake in Kyoto,Ruby Tuesday,148, ,2,5,9,14,3,8,11,14,5,9,11,13,0,0,0,0,2,5,9,14,3,8,11,14,5,9,11,13,3,7,10,13
18,1ST,"<img src=""../minidisc/TheRhythmRemaster.png""/>",TheRhythmRemaster,The Rhythm (Remaster),Creatune,135,(67.5~135),4,8,12,15,6,10,12,16,6,10,13,16,0,0,0,0,4,8,12,15,6,10,12,16,6,10,13,16,5,8,12,16
19,1ST,"<img src=""../minidisc/SouthwestCadillac.png""/>",SouthwestCadillac,Southwest Cadillac,Jeon Jun-kyu,95, ,1,4,8,11,3,7,10,13,4,6,10,12,0,0,0,0,1,4,8,11,3,7,10,13,4,6,10,12,3,5,9,12
20,1ST,"<img src=""../minidisc/StayRemaster.png""/>",StayRemaster,Stay (Remaster),Jeon Jun-kyu,125, ,4,8,11,14,4,8,11,14,4,7,11,15,0,0,0,0,4,8,11,14,4,8,11,14,4,7,11,15,4,9,12,15
21,1ST,"<img src=""../minidisc/YesYes.png""/>",YesYes,Yes Yes,Creatune,98, ,2,5,8,10,1,4,8,12,1,4,8,13,0,0,0,0,2,5,8,10,1,4,8,12,1,4,8,13,5,8,10,12
22,1ST,"<img src=""../minidisc/Reggae.png""/>",Reggae,You love the life you live,Ruby Tuesday,90, ,2,5,7,9,1,3,5,8,1,4,6,10,0,0,0,0,2,5,7,9,1,3,5,8,1,4,6,10,1,3,5,7
23,1ST,"<img src=""../minidisc/ZtarWarz.png""/>",ZtarWarz,Ztar warZ,DJ.Melong,180, ,3,6,9,13,5,8,11,14,3,7,12,14,0,0,0,0,3,6,9,13,5,8,11,14,3,7,12,14,4,7,12,14
24,S/E,"<img src=""../minidisc/CatchTheFlowRemix.png""/>",CatchTheFlowRemix,Catch The Flow (Remix),Acid Jazz,105, ,3,8,11,13,3,7,9,12,4,8,10,12,0,0,0,0,3,8,11,13,3,7,9,12,4,8,10,12,3,6,10,12
25,S/E,"<img src=""../minidisc/Combination.png""/>",Combination,Combination,Kim Jin Kwon,115, ,2,5,7,11,3,6,8,12,1,4,7,11,0,0,0,0,2,5,7,11,3,6,8,12,1,4,7,11,3,5,7,9
26,S/E,"<img src=""../minidisc/ConfeteRemix.png""/>",ConfeteRemix,Confete (Evening Mix),Itdie,94, ,2,4,9,12,2,5,8,12,3,6,9,10,0,0,0,0,2,4,9,12,2,5,8,12,3,6,9,10,1,3,6,9
27,S/E,"<img src=""../minidisc/Dieoxin.png""/>",Dieoxin,Dieoxin,DJ.Yonda,165, ,4,7,12,15,4,10,14,17,4,11,14,17,0,0,0,0,4,7,12,15,4,10,14,17,4,11,14,17,4,11,15,17
28,S/E,"<img src=""../minidisc/DoYouRememberRemix.png""/>",DoYouRememberRemix,Do You Remember? (Remix),Remix Station,139, ,1,5,8,11,5,10,12,14,6,9,11,14,0,0,0,0,1,5,8,11,5,10,12,14,6,9,11,14,5,9,12,14
29,S/E,"<img src=""../minidisc/EnvyMaskRemix.png""/>",EnvyMaskRemix,Envy Mask (Remix),Rock,118, ,5,8,12,14,5,9,11,16,6,10,13,15,0,0,0,0,5,8,12,14,5,9,11,16,6,10,13,15,5,10,13,16
30,S/E,"<img src=""../minidisc/Future.png""/>",Future,The Future,Remix Station,146, ,3,5,9,15,4,9,14,16,5,8,13,16,0,0,0,0,3,5,9,15,4,9,14,16,5,8,13,16,5,8,13,16
31,S/E,"<img src=""../minidisc/For3Weeks.png""/>",For3Weeks,For 3 Weeks,Lee So-eun,117, ,1,4,9,12,2,6,11,14,3,7,11,14,0,0,0,0,1,4,9,12,2,6,11,14,3,7,11,14,4,7,10,14
32,S/E,"<img src=""../minidisc/LetItGoRemix.png""/>",LetItGoRemix,Let It Go (Remix),Ruby Tuesday,109, ,1,4,7,11,1,4,8,11,1,5,10,12,0,0,0,0,1,4,7,11,1,4,8,11,1,5,10,12,5,8,10,12
33,S/E,"<img src=""../minidisc/LoveExtasy.png""/>",LoveExtasy,Love & Extasy,Baby V.O.X,145, ,3,7,11,16,7,12,14,17,4,10,14,17,0,0,0,0,3,7,11,16,7,12,14,17,4,10,14,17,5,9,12,17
34,S/E,"<img src=""../minidisc/MyHoney.png""/>",MyHoney,My Honey,Lee Seung-hwan,117, ,4,9,12,15,3,7,10,14,5,8,13,16,0,0,0,0,4,9,12,15,3,7,10,14,5,8,13,16,5,10,12,15
35,S/E,"<img src=""../minidisc/MysticDream9903Remix.png""/>",MysticDream9903Remix,Mystic Dream 9903 (Horror Mix),Danmal-G,170,(37.5~170),3,9,12,15,3,8,11,13,4,10,13,15,0,0,0,0,5,9,12,15,5,8,11,13,8,10,13,15,6,8,11,15
36,S/E,"<img src=""../minidisc/QuakeInKyotoRemix.png""/>",QuakeInKyotoRemix,Quake in Kyoto (Mega Mix),xxdbxx,148, ,3,7,10,14,6,9,13,15,6,9,12,15,0,0,0,0,3,7,10,14,6,9,13,15,6,9,12,15,7,10,13,15
37,S/E,"<img src=""../minidisc/RDM.png""/>",RDM,R.D.M.,Andy Lee,110, ,2,5,10,12,3,5,10,12,1,4,9,13,0,0,0,0,2,5,10,12,3,5,10,12,1,4,9,13,2,5,9,12
38,S/E,"<img src=""../minidisc/RedHot.png""/>",RedHot,Red Hot,Dr.Yonda,100, ,3,5,8,10,5,8,10,14,5,8,11,15,0,0,0,0,3,5,8,10,5,8,10,14,5,8,11,15,4,7,11,15
39,S/E,"<img src=""../minidisc/TheRhythmRemix.png""/>",TheRhythmRemix,The Rhythm (Remix),Creatune,135, ,3,8,11,14,5,9,11,15,6,10,13,16,0,0,0,0,3,8,11,14,5,9,11,15,6,10,13,16,6,11,15,17
40,S/E,"<img src=""../minidisc/SpecialK.png""/>",SpecialK,Special K,Andy Lee,95, ,1,3,7,9,2,6,8,10,3,6,9,11,0,0,0,0,1,3,7,9,2,6,8,10,3,6,9,11,1,4,9,13
41,S/E,"<img src=""../minidisc/StayRemix.png""/>",StayRemix,Stay (Radio Edit),Jeon Jun-kyu,125, ,2,4,5,8,4,8,10,12,5,7,9,12,0,0,0,0,2,4,5,8,4,8,10,12,5,7,9,12,3,6,8,11
42,S/E,"<img src=""../minidisc/ReggaeRemix.png""/>",ReggaeRemix,You love the life you live (Remix),Itdie,90, ,1,4,9,11,2,5,7,9,2,4,7,10,0,0,0,0,1,4,9,11,2,5,7,9,2,4,7,10,1,4,7,9
43,S/E,"<img src=""../minidisc/ZtarWarzRemix.png""/>",ZtarWarzRemix,Ztar warZ (Remix),xxdbxx,185, ,4,7,10,13,7,10,12,14,3,8,12,14,0,0,0,0,4,7,10,13,7,10,12,14,3,8,12,14,5,9,12,14
44,2ND,"<img src=""../minidisc/Anytime.png""/>",Anytime,Anytime,Ruby Tuesday,162, ,2,4,8,11,5,11,13,15,3,6,12,15,0,0,0,0,2,4,8,11,5,11,13,15,3,6,12,15,5,9,12,15
45,2ND,"<img src=""../minidisc/Appeal.png""/>",Appeal,Appeal,Andy Lee &Jennifer,110, ,2,8,11,13,3,7,10,12,3,6,9,13,0,0,0,0,2,8,11,13,3,7,10,12,3,6,9,13,4,7,10,13
46,2ND,"<img src=""../minidisc/BackForMoreRemaster.png""/>",BackForMoreRemaster,Back For More (Remaster),Ruby Tuesday,130, ,3,8,12,14,3,6,10,14,3,7,11,14,0,0,0,0,3,8,12,14,3,6,10,14,3,7,11,14,2,7,13,16
47,2ND,"<img src=""../minidisc/BackToBed.png""/>",BackToBed,Back to Bed,Ruby Tuesday,118.08, ,4,8,10,13,4,7,11,14,6,9,11,14,0,0,0,0,4,8,10,13,4,7,11,14,6,9,11,14,5,7,11,14
48,2ND,"<img src=""../minidisc/BeMyBaby.png""/>",BeMyBaby,Be My Baby,Ruby Tuesday,115, ,2,6,9,12,4,6,9,11,3,6,8,11,0,0,0,0,2,6,9,12,4,6,9,11,3,6,8,11,3,6,8,10
49,2ND,"<img src=""../minidisc/TheBoy.png""/>",TheBoy,The Boy ,Ruby Tuesday,115, ,1,4,7,9,3,8,10,11,4,7,10,12,0,0,0,0,1,4,7,9,3,8,10,11,4,7,10,12,3,6,9,10
50,2ND,"<img src=""../minidisc/ChangaRemaster.png""/>",ChangaRemaster,Changa (Remaster),Andy Lee,122, ,3,7,10,14,4,7,11,15,3,7,11,15,0,0,0,0,3,7,10,14,4,7,11,15,3,7,11,15,4,8,10,14
51,2ND,"<img src=""../minidisc/Damnation.png""/>",Damnation,Damnation,Ruby Tuesday,152, ,2,4,7,10,4,7,10,12,2,7,11,13,0,0,0,0,2,4,7,10,4,7,10,12,2,7,11,13,2,6,10,14
52,2ND,"<img src=""../minidisc/Departure.png""/>",Departure,Departure,Bae Hee-Kyoung,133.4, ,2,4,7,10,3,5,10,14,6,9,11,14,0,0,0,0,2,4,7,10,3,5,10,14,6,9,11,14,4,7,9,13
53,2ND,"<img src=""../minidisc/Exist.png""/>",Exist,Exist,Kim Seung-Hyeon,114, ,3,6,11,13,3,6,12,13,4,7,11,13,0,0,0,0,3,6,11,13,3,6,12,13,4,7,11,13,2,6,10,12
54,2ND,"<img src=""../minidisc/Funky5.png""/>",Funky5,Funky 5,Kim Seung-Hyeon,116, ,3,5,8,11,1,4,8,10,3,5,7,10,0,0,0,0,3,5,8,11,1,4,8,10,3,5,7,10,2,4,7,10
55,2ND,"<img src=""../minidisc/GetItUp.png""/>",GetItUp,Get It Up,Lee Jong-Pil & Mario Bolden,135, ,1,3,5,7,2,4,6,10,4,7,9,10,0,0,0,0,1,3,5,7,2,4,6,10,4,7,9,10,2,4,7,10
56,2ND,"<img src=""../minidisc/Hypnotize.png""/>",Hypnotize,Hypnotize,Ruby Tuesday,138, ,3,5,8,11,4,9,11,14,5,8,11,13,0,0,0,0,3,5,8,11,4,9,11,14,5,8,11,13,2,7,11,14
57,2ND,"<img src=""../minidisc/ItsMySecret.png""/>",ItsMySecret,It's My Secret,Mario Bolden,121.2, ,3,5,9,12,4,10,12,13,4,6,9,11,0,0,0,0,3,5,9,12,4,10,12,13,4,6,9,11,4,6,9,12
58,2ND,"<img src=""../minidisc/IveGotThisFeeling.png""/>",IveGotThisFeeling,I've got this feeling,Ruby Tuesday,88.04, ,2,4,7,10,2,3,8,10,2,4,7,10,0,0,0,0,2,4,7,10,2,3,8,10,2,4,7,10,2,4,7,9
59,2ND,"<img src=""../minidisc/Jam.png""/>",Jam,JAM,Ruby Tuesday,124, ,2,4,6,7,3,7,9,10,3,6,8,11,0,0,0,0,2,4,6,7,3,7,9,10,3,6,8,11,2,5,8,11
60,2ND,"<img src=""../minidisc/Minus1Remix.png""/>",Minus1Remix,Minus 1 (Space Mix),CROOVE,140, ,5,8,11,14,6,9,12,15,5,8,12,16,0,0,0,0,5,8,11,14,6,9,12,15,5,8,12,16,6,12,15,17
61,2ND,"<img src=""../minidisc/MovingOn.png""/>",MovingOn,Moving On,Ruby Tuesday,90.05, ,3,6,8,11,1,4,8,11,2,6,9,11,0,0,0,0,3,6,8,11,1,4,8,11,2,6,9,11,2,4,8,11
62,2ND,"<img src=""../minidisc/RedOcean.png""/>",RedOcean,Red Ocean,xxdbxx,106, ,3,5,9,11,5,9,11,13,4,8,11,13,0,0,0,0,3,5,9,11,5,9,11,13,4,8,11,13,3,7,11,12
63,2ND,"<img src=""../minidisc/SayThatYou.png""/>",SayThatYou,Say That U,Ruby Tuesday,146, ,1,3,8,10,4,10,12,15,2,8,11,15,0,0,0,0,1,3,8,10,4,10,12,15,2,8,11,15,4,9,11,13
64,2ND,"<img src=""../minidisc/SeizeTheDay.png""/>",SeizeTheDay,Seize The Day,Ruby Tuesday,120, ,2,6,9,12,3,7,10,13,4,7,10,13,0,0,0,0,2,6,9,12,3,7,10,13,4,7,10,13,3,8,11,13
65,2ND,"<img src=""../minidisc/SentimentalNoNo.png""/>",SentimentalNoNo,Sentimental No! No!,Ruby Tuesday,108, ,2,4,6,10,3,6,9,10,3,6,8,10,0,0,0,0,2,4,6,10,3,6,9,10,3,6,8,10,2,5,8,10
66,2ND,"<img src=""../minidisc/ShowDown.png""/>",ShowDown,Showdown,Andy Lee,130, ,5,8,12,15,6,9,12,15,4,9,13,15,0,0,0,0,5,8,12,15,6,9,12,15,4,9,13,15,3,10,13,15
67,2ND,"<img src=""../minidisc/WeLuvMusic.png""/>",WeLuvMusic,We Luv Music,Jeon Jun-kyu,139, ,2,5,9,12,4,8,11,15,7,9,13,15,0,0,0,0,2,5,9,12,4,8,11,15,7,9,13,15,5,9,12,14
68,2ND,"<img src=""../minidisc/WheresMyGirl.png""/>",WheresMyGirl,Where's My Girl,Ruby Tuesday,180, ,2,4,6,9,3,5,8,10,3,6,8,11,0,0,0,0,2,4,6,9,3,5,8,10,3,6,8,11,3,6,8,11
69,2ND,"<img src=""../minidisc/WithYouGirl.png""/>",WithYouGirl,With U Girl,Yang Joon-young,143, ,3,4,6,8,3,4,7,10,2,5,9,11,0,0,0,0,3,4,6,8,3,4,7,10,2,5,9,11,3,6,8,9
70,2ND,"<img src=""../minidisc/YouAreTheOneForMeRemaster.png""/>",YouAreTheOneForMeRemaster,You Are The One For Me,Jeon Jun-kyu & Mario Bolden,116, ,2,6,10,14,2,4,9,12,5,9,12,15,0,0,0,0,2,6,10,14,2,4,9,12,5,9,12,15,5,8,11,14
71,3RD,"<img src=""../minidisc/214.png""/>",214,2.14,FE,113, ,3,5,8,11,3,5,9,12,3,5,8,11,0,0,0,0,3,5,8,11,3,5,9,12,3,5,8,11,4,6,8,12
72,3RD,"<img src=""../minidisc/20000000000.png""/>",20000000000,20000000000,Croove,174, ,4,10,15,18,6,12,15,18,6,13,15,18,0,0,0,0,4,10,15,18,6,12,15,18,10,13,15,18,9,14,16,18
73,3RD,"<img src=""../minidisc/2ndJewel.png""/>",2ndJewel,2nd Jewel,Andy Lee,120, ,2,4,8,13,4,8,12,14,5,10,12,14,0,0,0,0,2,4,8,13,4,8,12,14,5,10,12,14,5,9,11,14
74,3RD,"<img src=""../minidisc/Anemia.png""/>",Anemia,Anemia,Andy Lee,100, ,2,6,8,10,3,6,8,11,3,6,9,11,0,0,0,0,2,6,8,10,3,6,8,11,3,6,9,11,3,6,9,10
75,3RD,"<img src=""../minidisc/BlackMarket.png""/>",BlackMarket,Black Market,Croove,116, ,4,7,12,14,5,12,14,15,5,11,14,16,0,0,0,0,4,7,12,14,5,12,14,15,5,11,14,16,3,9,13,15
76,3RD,"<img src=""../minidisc/CosmicBird.png""/>",CosmicBird,Cosmic Bird,"FE, Croove",150,(37.5~150),4,9,13,16,5,12,14,16,6,10,14,17,0,0,0,0,4,9,13,16,5,12,14,16,6,10,14,17,9,13,15,17
77,3RD,"<img src=""../minidisc/GiveIt2Me.png""/>",GiveIt2Me,Give it 2 me,FE,133, ,3,10,12,14,5,10,12,15,6,12,14,16,0,0,0,0,6,10,12,14,5,10,12,15,6,12,14,16,7,12,14,16
78,3RD,"<img src=""../minidisc/InANutshell.png""/>",InANutshell,In a Nutshell,Ruby Tuesday,137, ,3,5,9,11,3,6,9,12,3,7,10,12,0,0,0,0,3,5,9,11,3,6,9,12,3,7,10,12,3,6,11,14
79,3RD,"<img src=""../minidisc/LieLie.png""/>",LieLie,Lie Lie,Andy Lee,125, ,3,8,11,14,5,9,13,14,4,10,12,14,0,0,0,0,3,8,11,14,5,9,13,14,4,10,12,14,6,10,13,15
80,3RD,"<img src=""../minidisc/Minus2.png""/>",Minus2,Minus 2,Croove,157, ,5,9,13,17,7,10,13,17,6,10,14,17,0,0,0,0,5,9,13,17,7,10,13,17,6,10,14,17,7,12,15,18
81,3RD,"<img src=""../minidisc/MPolice.png""/>",MPolice,M-Police,Andy Lee,135, ,3,6,9,12,5,8,11,15,4,8,11,14,0,0,0,0,3,6,9,12,5,8,11,15,4,8,11,14,6,9,11,14
82,3RD,"<img src=""../minidisc/NightWatcher.png""/>",NightWatcher,Night Watcher,xxdbxx,165, ,4,9,11,14,5,10,13,15,5,8,11,14,0,0,0,0,4,9,11,14,5,10,13,15,5,8,11,14,4,9,13,14
83,3RD,"<img src=""../minidisc/RFC.png""/>",RFC,R.F.C.,Andy Lee,140, ,5,11,14,16,5,12,15,18,6,10,14,16,0,0,0,0,5,11,14,16,8,12,15,18,6,10,14,16,6,12,14,17
84,3RD,"<img src=""../minidisc/SandStorm.png""/>",SandStorm,Sand Storm,Croove,164, ,3,11,13,16,6,13,15,17,7,10,14,17,0,0,0,0,3,11,13,16,6,13,15,17,7,10,14,17,5,11,13,16
85,3RD,"<img src=""../minidisc/Shake.png""/>",Shake,Shake,Andy Lee,120, ,4,7,13,14,4,8,12,15,5,10,12,14,0,0,0,0,4,7,13,14,4,8,12,15,5,10,12,14,5,10,12,15
86,3RD,"<img src=""../minidisc/Smash.png""/>",Smash,Smash,Andy Lee,100, ,4,9,12,14,6,11,13,15,6,10,13,15,0,0,0,0,4,9,12,14,6,11,13,15,6,10,13,15,5,9,12,15
87,3RD,"<img src=""../minidisc/Sparrow.png""/>",Sparrow,Sparrow,xxdbxx & Croove,132, ,4,5,10,14,3,9,12,17,6,10,14,16,0,0,0,0,4,5,10,14,3,9,12,17,6,10,14,16,5,11,14,17
88,3RD,"<img src=""../minidisc/Substance.png""/>",Substance,Substance,xxdbxx,142, ,5,9,10,12,4,11,13,15,5,9,12,15,0,0,0,0,5,9,10,12,4,11,13,15,5,9,12,15,5,9,11,14
89,3RD,"<img src=""../minidisc/The3rdPlace.png""/>",The3rdPlace,The 3rd Place,xxdbxx,130, ,4,7,12,14,5,12,14,16,4,9,12,14,0,0,0,0,4,7,12,14,5,12,14,16,4,9,12,14,5,10,13,15
90,3RD,"<img src=""../minidisc/YGate.png""/>",YGate,Y-Gate,Lee Jong-Phil,144, ,4,9,12,15,4,13,15,16,5,8,13,16,0,0,0,0,4,9,12,15,8,13,15,16,5,8,13,16,8,11,14,17
91,4TH,"<img src=""../minidisc/Aquaris.png""/>",Aquaris,Aquaris,Croove,140, ,2,6,12,14,5,9,14,17,6,10,13,16,0,0,0,0,2,6,12,14,5,9,14,17,6,10,13,16,2,6,12,14
92,4TH,"<img src=""../minidisc/BOW.png""/>",BOW,B.O.W.,Croove,125,(125~150),4,9,14,16,5,9,14,16,6,10,14,17,0,0,0,0,4,9,14,16,5,9,14,16,6,10,14,17,5,9,13,17
93,4TH,"<img src=""../minidisc/Blue.png""/>",Blue,Blue,xxdbxx,153, ,3,7,9,11,4,9,12,15,4,8,13,15,0,0,0,0,3,7,9,11,4,9,12,15,4,8,13,15,4,11,13,16
94,4TH,"<img src=""../minidisc/CallingMeNow.png""/>",CallingMeNow,Calling me Now,xxdbxx,80, ,3,4,7,11,4,7,10,14,4,8,11,15,0,0,0,0,3,4,7,11,4,7,10,14,4,8,11,15,2,5,11,15
95,4TH,"<img src=""../minidisc/Climax.png""/>",Climax,Climax,Andy Lee,140, ,4,8,13,15,6,13,15,16,6,13,15,17,0,0,0,0,4,8,13,15,6,13,15,16,6,13,15,17,6,11,15,17
96,4TH,"<img src=""../minidisc/Complex.png""/>",Complex,Complex,Croove,123, ,4,9,13,15,5,13,14,16,6,12,15,17,0,0,0,0,4,9,13,15,5,13,14,16,6,12,15,17,6,11,14,17
97,4TH,"<img src=""../minidisc/Delight.png""/>",Delight,Delight,Andy Lee,130, ,4,8,10,13,4,7,11,13,6,10,14,15,0,0,0,0,4,8,10,13,4,7,11,13,6,10,14,15,4,9,12,15
98,4TH,"<img src=""../minidisc/EyeOfBeholder.png""/>",EyeOfBeholder,Eye of Beholder,xxdbxx,121, ,5,11,13,14,4,10,13,16,7,11,14,16,0,0,0,0,5,11,13,14,4,10,13,16,7,11,14,16,5,11,14,16
99,4TH,"<img src=""../minidisc/FeelSoSad.png""/>",FeelSoSad,Feel So Sad,xxdbxx,142, ,4,7,11,15,7,10,13,18,4,11,14,16,0,0,0,0,4,7,11,15,7,10,13,18,8,11,14,16,5,9,14,17
100,4TH,"<img src=""../minidisc/FireStorm.png""/>",FireStorm,Fire Storm,Croove,167, ,3,9,13,18,7,12,16,20,5,14,17,19,0,0,0,0,3,9,13,18,7,12,16,20,8,14,17,19,7,13,16,19
101,4TH,"<img src=""../minidisc/FuturistRemaster.png""/>",FuturistRemaster,Futurist,Andy Lee,123, ,4,8,12,15,4,9,12,15,5,11,14,16,0,0,0,0,4,8,12,15,4,9,12,15,5,11,14,16,6,11,13,16
102,4TH,"<img src=""../minidisc/Go.png""/>",Go,Go!,Andy Lee,140, ,4,6,10,12,4,9,13,15,4,8,12,15,0,0,0,0,4,6,10,12,4,9,13,15,4,8,12,15,7,10,13,15
103,4TH,"<img src=""../minidisc/JMJ.png""/>",JMJ,J.M.J,Croove,135, ,4,7,9,12,5,10,13,15,6,10,13,16,0,0,0,0,4,7,9,12,5,10,13,15,6,10,13,16,7,11,14,16
104,4TH,"<img src=""../minidisc/Judgment.png""/>",Judgment,Judgement,Andy Lee,117, ,4,8,11,13,4,7,10,13,5,9,12,14,0,0,0,0,4,8,11,13,4,7,10,13,5,9,12,14,5,9,11,14
105,4TH,"<img src=""../minidisc/LovelyDayRemaster.png""/>",LovelyDayRemaster,Lovely Day,Andy Lee,140, ,2,6,10,14,4,9,11,15,6,10,13,15,0,0,0,0,2,6,10,14,4,9,11,15,6,10,13,15,3,7,11,15
106,4TH,"<img src=""../minidisc/MadRobot.png""/>",MadRobot,Mad Robot,Croove,115, ,2,7,14,16,5,9,14,15,6,10,14,16,0,0,0,0,2,7,14,16,5,9,14,15,6,10,14,16,5,8,13,15
107,4TH,"<img src=""../minidisc/Metagalactic.png""/>",Metagalactic,Metagalactic,xxdbxx,152, ,4,6,12,14,5,11,15,17,6,11,15,17,0,0,0,0,4,6,12,14,5,11,15,17,6,11,15,17,7,10,14,17
108,4TH,"<img src=""../minidisc/ReadyToYah.png""/>",ReadyToYah,Ready to Yah,xxdbxx,120, ,4,7,11,14,5,8,11,14,4,9,12,15,0,0,0,0,4,7,11,14,5,8,11,14,4,9,12,15,3,7,12,14
109,4TH,"<img src=""../minidisc/Shout.png""/>",Shout,Shout,Croove,95, ,4,8,11,12,4,9,12,14,6,9,11,15,0,0,0,0,4,8,11,12,4,9,12,14,6,9,11,15,5,8,12,15
110,4TH,"<img src=""../minidisc/Tokyo9PM.png""/>",Tokyo9PM,Tokyo 9 P.M.,Andy Lee,100, ,5,8,10,12,4,8,12,15,6,9,12,14,0,0,0,0,5,8,10,12,4,8,12,15,6,9,12,14,5,8,12,15
111,PT,"<img src=""../minidisc/AnyWayYouWantIt.png""/>",AnyWayYouWantIt,Any way you want it,Eridanus,105, ,4,9,11,13,4,7,10,14,4,9,12,14,0,0,0,0,4,9,11,13,4,7,10,14,4,9,12,14,4,8,10,14
112,PT,"<img src=""../minidisc/AquarisRemix.png""/>",AquarisRemix,Aquaris (Physical Inspiration Hyper Blue Mix),Forte Escape,160, ,3,7,10,14,6,10,14,16,3,7,12,16,0,0,0,0,3,7,10,14,6,10,14,16,3,7,12,16,4,10,14,16
113,PT,"<img src=""../minidisc/Cellavue.png""/>",Cellavue,Cellavue,Eridanus,108, ,5,8,11,13,5,9,11,14,4,8,12,14,0,0,0,0,5,8,11,13,5,9,11,14,4,8,12,14,5,7,10,13
114,PT,"<img src=""../minidisc/Feel.png""/>",Feel,Feel,Eridanus & Kang Eun Soo,125, ,3,6,9,12,4,7,11,13,2,6,10,13,0,0,0,0,3,6,9,12,4,7,11,13,2,6,10,13,5,8,11,13
115,PT,"<img src=""../minidisc/IveFallenRemix.png""/>",IveFallenRemix,I've Fallen (Hot Dog Boogie Groove Mix),Forte Escape,122, ,4,7,10,12,4,9,12,14,5,9,13,15,0,0,0,0,4,7,10,12,4,9,12,14,5,9,13,15,5,8,12,15
116,PT,"<img src=""../minidisc/IveGotThisFeelingRemix.png""/>",IveGotThisFeelingRemix,I've got this feeling (Dj.FE Restless Acid Soul Mix),Forte Escape,123, ,3,8,10,12,5,8,11,14,5,9,13,15,0,0,0,0,3,8,10,12,5,8,11,14,5,9,13,15,4,7,11,14
117,PT,"<img src=""../minidisc/JMJRemix.png""/>",JMJRemix,J.M.J (DFC Space Gear Re-formation),Forte Escape,130, ,4,6,10,12,5,8,11,14,2,8,11,15,0,0,0,0,4,6,10,12,5,8,11,14,2,8,11,15,4,8,12,15
118,PT,"<img src=""../minidisc/Memories.png""/>",Memories,Memories,Forte Escape,127, ,3,7,13,15,2,5,12,13,4,10,14,16,0,0,0,0,3,7,13,15,2,5,12,13,4,10,14,16,3,6,12,15
119,PT,"<img src=""../minidisc/NightMadness.png""/>",NightMadness,Night Madness,Joyrock,160, ,3,6,11,13,6,9,12,15,7,10,13,15,0,0,0,0,3,6,11,13,6,9,12,15,7,10,13,15,6,11,13,15
120,PT,"<img src=""../minidisc/PanicStrike.png""/>",PanicStrike,Panic Strike,Forte Escape,160, ,5,7,13,16,7,11,15,18,7,12,15,17,0,0,0,0,5,7,13,16,7,11,15,18,7,12,15,17,8,12,15,17
121,PT,"<img src=""../minidisc/QFactor.png""/>",QFactor,Q Factor,Forte Escape,130, ,3,10,13,15,5,10,14,17,5,12,14,16,0,0,0,0,3,10,13,15,5,10,14,17,8,12,14,16,8,11,13,16
122,PT,"<img src=""../minidisc/RiffGuy.png""/>",RiffGuy,Riff Guy,Eridanus,153, ,3,7,11,14,5,12,15,16,5,10,14,16,0,0,0,0,3,7,11,14,5,12,15,16,5,10,14,16,5,9,13,17
123,PT,"<img src=""../minidisc/Spotlight.png""/>",Spotlight,Spotlight,Forte Escape,100, ,4,6,11,13,2,6,11,13,3,7,11,14,0,0,0,0,4,6,11,13,2,6,11,13,3,7,11,14,4,9,12,14
124,PT,"<img src=""../minidisc/UnknownH2.png""/>",UnknownH2,Unknown H2,DJ Bigduck,85, ,3,7,11,14,4,7,11,15,4,10,13,16,0,0,0,0,3,7,11,14,4,7,11,15,4,10,13,16,4,8,10,14
125,PT,"<img src=""../minidisc/WeirdWave.png""/>",WeirdWave,Weird Wave,Joyrock,147, ,3,7,13,17,7,13,15,17,4,13,16,17,0,0,0,0,3,7,13,17,7,13,15,17,8,13,16,17,7,11,15,18
126,PT,"<img src=""../minidisc/Zeroize.png""/>",Zeroize,Zeroize,Forte Escape,165, ,4,9,13,18,5,12,16,18,6,11,15,19,0,0,0,0,4,9,13,18,8,12,16,18,6,11,15,19,8,11,16,19
127,6TH,"<img src=""../minidisc/BabyDanceRemixRemaster.png""/>",BabyDanceRemixRemaster,Baby Dance (Club Ver.),Itdie,150, ,3,6,10,14,5,8,12,15,4,8,12,16,0,0,0,0,3,6,10,14,5,8,12,15,4,8,12,16,6,10,14,16
128,6TH,"<img src=""../minidisc/BacardiOnTheBeach.png""/>",BacardiOnTheBeach,Bacardi on the Beach,Sonic A.P.E,123, ,4,8,11,13,5,8,10,13,5,7,11,14,0,0,0,0,4,8,11,13,5,8,10,13,5,7,11,14,5,8,13,15
129,6TH,"<img src=""../minidisc/Bemine.png""/>",Bemine,Be mine,TY : F,128, ,5,10,12,14,6,9,11,13,6,9,11,13,0,0,0,0,5,10,12,14,6,9,11,13,6,9,11,13,5,9,11,14
130,6TH,"<img src=""../minidisc/BeMyBabyRemix.png""/>",BeMyBabyRemix,Be My Baby (Funky Ver.),Itdie,115, ,3,5,7,11,5,7,10,12,4,6,10,13,0,0,0,0,3,5,7,11,5,7,10,12,4,6,10,13,2,6,10,12
131,6TH,"<img src=""../minidisc/BeAtFeedback.png""/>",BeAtFeedback,Be-at Feedback,B-E,140, ,5,9,12,16,6,9,13,16,7,11,15,18,0,0,0,0,5,9,12,16,6,9,13,16,7,11,15,18,5,10,14,17
132,6TH,"<img src=""../minidisc/Changa2.png""/>",Changa2,Changa 2,Han Tae-Soo,128, ,3,5,10,12,3,5,11,13,3,5,10,13,0,0,0,0,3,5,10,12,3,5,11,13,3,5,10,13,2,5,10,12
133,6TH,"<img src=""../minidisc/CurseIt.png""/>",CurseIt,Curse It!,Han Tae-Soo,113, ,4,8,11,13,5,7,12,14,5,11,13,15,0,0,0,0,4,8,11,13,5,7,12,14,5,11,13,15,4,9,13,15
134,6TH,"<img src=""../minidisc/DanceMachine.png""/>",DanceMachine,Dance Machine,Sonic A.P.E,150, ,5,6,10,12,4,6,12,14,3,7,12,14,0,0,0,0,5,6,10,12,4,6,12,14,3,7,12,14,6,9,12,14
135,6TH,"<img src=""../minidisc/DanceWithMe.png""/>",DanceWithMe,Dance With Me,Kim Min,125, ,3,6,9,12,4,7,12,14,5,9,13,15,0,0,0,0,3,6,9,12,4,7,12,14,5,9,13,15,4,7,11,14
136,6TH,"<img src=""../minidisc/FeelRemix.png""/>",FeelRemix,Feel (Sonic A.P.E Ver),Sonic A.P.E,135, ,3,6,9,12,4,7,10,13,5,8,11,13,0,0,0,0,3,6,9,12,4,7,10,13,5,8,11,13,4,8,11,13
137,6TH,"<img src=""../minidisc/Frantic.png""/>",Frantic,Frantic,Sonic A.P.E,145, ,3,5,9,12,6,10,13,16,6,10,14,16,0,0,0,0,3,5,9,12,6,10,13,16,6,10,14,16,6,11,13,16
138,6TH,"<img src=""../minidisc/IveGotThisFeelingRemix2.png""/>",IveGotThisFeelingRemix2,I've got this feeling (Extended Ver.),Itdie,115, ,4,7,11,12,3,7,10,13,5,8,12,14,0,0,0,0,4,7,11,12,3,7,10,13,5,8,12,14,4,8,12,14
139,6TH,"<img src=""../minidisc/JamRemix.png""/>",JamRemix,Jam (A.C Ver.),Itdie,140, ,5,9,11,12,4,7,10,13,5,9,12,14,0,0,0,0,5,9,11,12,4,7,10,13,5,9,12,14,4,8,11,14
140,6TH,"<img src=""../minidisc/LieLieRemix.png""/>",LieLieRemix,Lie Lie (Ceave Beat Ver.),Itdie,145, ,3,5,9,13,5,8,11,13,3,8,12,14,0,0,0,0,3,5,9,13,5,8,11,13,3,8,12,14,4,7,11,13
141,6TH,"<img src=""../minidisc/MoveYourBody.png""/>",MoveYourBody,Move Your Body,Sean Kim,126, ,3,9,11,14,4,8,11,14,6,10,13,15,0,0,0,0,6,9,11,14,4,8,11,14,6,10,13,15,6,10,13,15
142,6TH,"<img src=""../minidisc/OneTwoThreeFour.png""/>",OneTwoThreeFour,One Two Three Four,Sonic A.P.E,100, ,3,5,7,11,4,7,11,13,4,9,13,14,0,0,0,0,3,5,7,11,4,7,11,13,4,9,13,14,4,8,12,14
143,6TH,"<img src=""../minidisc/Refresh.png""/>",Refresh,Refresh,Kim Min,125, ,3,7,10,13,3,6,10,13,2,7,11,14,0,0,0,0,3,7,10,13,3,6,10,13,2,7,11,14,3,7,11,15
144,6TH,"<img src=""../minidisc/StayWithMe.png""/>",StayWithMe,Stay with me,Han Tae-Soo,115, ,5,7,10,13,5,7,11,13,5,7,10,13,0,0,0,0,5,7,10,13,5,7,11,13,5,7,10,13,4,7,11,14
145,6TH,"<img src=""../minidisc/TheBoyRemix.png""/>",TheBoyRemix,The Boy (EK2-Beat Ver.),Ruby Tuesday,140, ,3,6,8,13,3,5,9,14,6,9,12,15,0,0,0,0,3,6,8,13,3,5,9,14,6,9,12,15,3,6,12,15
146,6TH,"<img src=""../minidisc/UpAndDown.png""/>",UpAndDown,Up and down,Soulzean,96, ,3,5,7,8,3,6,8,11,3,6,9,13,0,0,0,0,3,5,7,8,3,6,8,11,3,6,9,13,4,6,9,13
147,6TH,"<img src=""../minidisc/WithYouGirlRemix.png""/>",WithYouGirlRemix,With U Girl (Beach Ver.),Itdie,143, ,3,7,11,13,3,6,10,12,3,8,11,13,0,0,0,0,3,7,11,13,3,6,10,12,3,8,11,13,3,7,10,13
148,6TH,"<img src=""../minidisc/YouWereTheOne.png""/>",YouWereTheOne,You were the one,Kim Min,110, ,3,6,9,12,5,8,12,14,5,8,12,15,0,0,0,0,3,6,9,12,5,8,12,14,5,8,12,15,4,8,12,14
149,6TH,"<img src=""../minidisc/YourStyle.png""/>",YourStyle,Your Style,Dakick,100, ,3,5,7,11,4,7,9,13,5,7,11,14,0,0,0,0,3,5,7,11,4,7,9,13,5,7,11,14,6,8,12,14
150,7TH,"<img src=""../minidisc/AnOldStory.png""/>",AnOldStory,An Old Story,Memme,87, ,2,4,7,9,2,6,8,12,1,7,10,13,0,0,0,0,2,4,7,9,2,6,8,12,1,7,10,13,2,6,10,12
151,7TH,"<img src=""../minidisc/BlackBird.png""/>",BlackBird,Black Bird,M2U,115, ,5,8,11,13,6,9,13,16,6,8,12,15,0,0,0,0,5,8,11,13,6,9,13,16,6,8,12,15,7,10,13,16
152,7TH,"<img src=""../minidisc/BlackFlame.png""/>",BlackFlame,Black Flame,Transin,125, ,3,7,11,15,5,8,12,16,4,9,12,15,0,0,0,0,3,7,11,15,5,8,12,16,4,9,12,15,5,10,13,17
153,7TH,"<img src=""../minidisc/CheonJi.png""/>",CheonJi,Cheonjigaebyeok天地開闢,M2U,150, ,3,10,12,14,4,11,14,16,5,7,12,14,0,0,0,0,3,10,12,14,4,11,14,16,5,7,12,14,4,10,14,16
154,7TH,"<img src=""../minidisc/DreamyFlight.png""/>",DreamyFlight,Dreamy Flight,Transin,140, ,4,9,12,15,5,12,15,17,6,10,13,17,0,0,0,0,4,9,12,15,5,12,15,17,6,10,13,17,5,10,15,17
155,7TH,"<img src=""../minidisc/EndOfSummer.png""/>",EndOfSummer,End of Summer,Mhz,120, ,4,6,10,13,4,6,10,13,5,10,12,14,0,0,0,0,4,6,10,13,4,6,10,13,5,10,12,14,4,6,10,13
156,7TH,"<img src=""../minidisc/EnergyFlowerOriginalAC.png""/>",EnergyFlowerOriginalAC,Energy Flower（Original Mix）,r300k,133, ,4,9,12,14,6,9,11,15,6,10,12,15,0,0,0,0,4,9,12,14,6,9,11,15,6,10,12,15,4,7,10,15
157,7TH,"<img src=""../minidisc/ExplodeEngine.png""/>",ExplodeEngine,Explode Engine,Transin,130, ,4,9,12,15,4,8,12,15,3,7,12,15,0,0,0,0,4,9,12,15,4,8,12,15,3,7,12,15,6,10,14,16
158,7TH,"<img src=""../minidisc/FadedSpirit.png""/>",FadedSpirit,Faded Spirit,Praya,135, ,4,8,11,13,6,9,11,14,4,8,12,14,0,0,0,0,4,8,11,13,6,9,11,14,4,8,12,14,4,8,12,15
159,7TH,"<img src=""../minidisc/FallenAngel.png""/>",FallenAngel,Fallen Angel,Springhead,100, ,4,6,10,12,3,6,11,14,4,8,12,14,0,0,0,0,4,6,10,12,3,6,11,14,4,8,12,14,4,6,10,13
160,7TH,"<img src=""../minidisc/FellHound3.png""/>",FellHound3,Fell Hound 3,Springhead,140, ,4,9,13,15,6,11,14,18,5,9,14,16,0,0,0,0,4,9,13,15,6,11,14,18,5,9,14,16,7,11,13,16
161,7TH,"<img src=""../minidisc/Forget.png""/>",Forget,Forget,Praya,125, ,3,10,13,15,5,10,13,15,5,11,14,16,0,0,0,0,6,10,13,15,5,10,13,15,5,11,14,16,5,8,12,16
162,7TH,"<img src=""../minidisc/GOA.png""/>",GOA,G.O.A,Curium,144, ,3,12,14,16,4,10,14,16,5,8,14,16,0,0,0,0,3,12,14,16,4,10,14,16,5,8,14,16,6,9,12,15
163,7TH,"<img src=""../minidisc/GrayHunter.png""/>",GrayHunter,Gray Hunter,M2U,125, ,4,8,12,13,5,11,13,16,6,11,13,15,0,0,0,0,4,8,12,13,5,11,13,16,6,11,13,15,7,12,14,16
164,7TH,"<img src=""../minidisc/GrayStreet.png""/>",GrayStreet,Gray Street,M2U,135, ,4,9,12,15,6,10,13,15,5,9,13,15,0,0,0,0,6,9,12,15,6,10,13,15,5,9,13,15,6,10,13,15
165,7TH,"<img src=""../minidisc/Holic.png""/>",Holic,Holic,SHK,150, ,4,6,12,14,4,10,12,14,7,11,13,16,0,0,0,0,4,6,12,14,4,10,12,14,7,11,13,16,4,7,11,15
166,7TH,"<img src=""../minidisc/HyperMagic.png""/>",HyperMagic,Hyper Magic,Memme,170, ,4,9,14,18,5,9,15,19,7,11,14,18,0,0,0,0,4,9,14,18,5,9,15,19,7,11,14,18,9,14,17,19
167,7TH,"<img src=""../minidisc/KAFAT.png""/>",KAFAT,KAFAT,Springhead,123, ,3,6,10,12,5,9,11,14,6,9,12,15,0,0,0,0,3,6,10,12,5,9,11,14,6,9,12,15,4,9,12,15
168,7TH,"<img src=""../minidisc/LegacyOfHatred.png""/>",LegacyOfHatred,Legacy of Hatred (live),CCNN,190, ,4,7,12,17,5,12,16,18,6,12,15,18,0,0,0,0,4,7,12,17,5,12,16,18,8,12,15,18,5,12,15,18
169,7TH,"<img src=""../minidisc/LegendOfMoonlight.png""/>",LegendOfMoonlight,Legend of Moonlight,Memme,160, ,4,8,13,16,7,13,16,18,5,13,16,18,0,0,0,0,4,8,13,16,7,13,16,18,8,13,16,18,7,11,14,18
170,7TH,"<img src=""../minidisc/LetMeHearYourVoice.png""/>",LetMeHearYourVoice,Let me hear your voice,Transin,140, ,4,10,13,15,4,7,12,14,3,7,12,15,0,0,0,0,6,10,13,15,4,7,12,14,3,7,12,15,4,7,11,14
171,7TH,"<img src=""../minidisc/MageGirlStory.png""/>",MageGirlStory,Mage Girl Story,Praya,180, ,3,5,9,13,4,7,13,16,6,9,14,16,0,0,0,0,3,5,9,13,4,7,13,16,6,9,14,16,6,9,12,16
172,7TH,"<img src=""../minidisc/OnesTrash.png""/>",OnesTrash,One's Trash,KIEN,105, ,4,6,9,12,5,10,12,15,4,12,14,15,0,0,0,0,4,6,9,12,5,10,12,15,4,12,14,15,4,10,13,15
173,7TH,"<img src=""../minidisc/Paradise.png""/>",Paradise,Paradise,M2U,128, ,3,7,11,14,4,6,11,14,4,8,12,14,0,0,0,0,3,7,11,14,4,6,11,14,4,8,12,14,4,7,11,14
174,7TH,"<img src=""../minidisc/RED.png""/>",RED,R.E.D.~Red Evil of Death~,KIEN,140, ,4,6,10,14,5,8,13,17,3,9,13,16,0,0,0,0,4,6,10,14,5,8,13,17,3,9,13,16,6,10,13,16
175,7TH,"<img src=""../minidisc/Return.png""/>",Return,Return,Springhead,140, ,4,7,13,15,5,10,14,16,5,9,13,16,0,0,0,0,4,7,13,15,5,10,14,16,5,9,13,16,5,10,13,16
176,7TH,"<img src=""../minidisc/Revelation.png""/>",Revelation,Revelation,Springhead,185, ,4,10,15,17,5,13,17,20,5,12,17,19,0,0,0,0,6,10,15,17,9,13,17,20,5,12,17,19,6,13,16,18
177,7TH,"<img src=""../minidisc/Round3.png""/>",Round3,Round 3,Desired Effect & r300k,155, ,5,10,13,16,5,13,16,18,7,11,14,17,0,0,0,0,5,10,13,16,5,13,16,18,7,11,14,17,7,12,14,18
178,7TH,"<img src=""../minidisc/ShotTime.png""/>",ShotTime,Shot Time,M2U,128, ,3,8,11,14,5,10,13,15,5,9,12,15,0,0,0,0,3,8,11,14,5,10,13,15,5,9,12,15,6,10,13,15
179,7TH,"<img src=""../minidisc/SilverOcean.png""/>",SilverOcean,Silver Ocean,Curium,148, ,3,5,8,11,5,7,11,15,6,10,13,15,0,0,0,0,3,5,8,11,5,7,11,15,6,10,13,15,5,9,12,16
180,7TH,"<img src=""../minidisc/SoulDestructor.png""/>",SoulDestructor,Soul Destructor,Transin,140, ,3,7,12,15,3,11,14,18,7,11,14,18,0,0,0,0,3,7,12,15,3,11,14,18,7,11,14,18,6,12,16,19
181,7TH,"<img src=""../minidisc/SoulEater.png""/>",SoulEater,Soul Eater,Springhead,140, ,4,8,12,15,4,12,15,17,5,12,14,17,0,0,0,0,4,8,12,15,9,12,15,17,8,12,14,17,5,11,14,17
182,7TH,"<img src=""../minidisc/SpaceDestiny.png""/>",SpaceDestiny,Space Destiny,M2U,170, ,4,6,11,15,4,9,13,15,5,9,12,15,0,0,0,0,4,6,11,15,4,9,13,15,5,9,12,15,3,10,13,16
183,7TH,"<img src=""../minidisc/Sunlight.png""/>",Sunlight,Sunlight,Desired Effect & r300k,140, ,3,10,12,13,7,10,12,14,7,10,15,16,0,0,0,0,7,10,12,13,7,10,12,14,7,10,15,16,5,10,13,16
184,7TH,"<img src=""../minidisc/SweetHeart.png""/>",SweetHeart,Sweet Heart,M2U,135, ,4,8,9,14,5,8,12,15,7,11,14,16,0,0,0,0,4,8,9,14,5,8,12,15,7,11,14,16,7,11,14,16
185,7TH,"<img src=""../minidisc/BackOfBeyond.png""/>",BackOfBeyond,The Back of Beyond,M2U,120, ,2,5,11,12,3,6,9,12,2,6,10,13,0,0,0,0,2,5,11,12,3,6,9,12,2,6,10,13,4,7,10,13
186,7TH,"<img src=""../minidisc/PrinceOfDarkness.png""/>",PrinceOfDarkness,The Prince of Darkness,M2U,160, ,4,7,13,16,7,12,14,18,4,9,14,18,0,0,0,0,4,7,13,16,7,12,14,18,4,9,14,18,9,13,16,18
187,7TH,"<img src=""../minidisc/TheWorld.png""/>",TheWorld,The World,r300k,110, ,4,6,12,15,3,5,11,14,4,9,13,15,0,0,0,0,4,6,12,15,3,5,11,14,4,9,13,15,3,6,11,14
188,7TH,"<img src=""../minidisc/ToMyLove.png""/>",ToMyLove,To My Love,TranceMAX,140, ,3,4,7,10,4,8,11,14,7,9,13,-,0,0,0,0,3,4,7,10,4,8,11,14,7,9,13,-,-,-,-,14
189,7TH,"<img src=""../minidisc/ToyWar.png""/>",ToyWar,Toy War,M2U,160, ,3,11,13,16,4,12,15,16,5,13,15,17,0,0,0,0,6,11,13,16,4,12,15,16,5,13,15,17,6,10,14,16
190,7TH,"<img src=""../minidisc/UnrequitedLove2.png""/>",UnrequitedLove2,Unrequited Love 2,CCNN,141, ,3,10,13,14,4,12,15,18,2,7,12,16,0,0,0,0,3,10,13,14,8,12,15,18,2,7,12,16,6,10,13,17
191,7TH,"<img src=""../minidisc/WhiteRose.png""/>",WhiteRose,White Rose,M2U,128, ,4,7,13,15,5,11,14,16,7,11,14,16,0,0,0,0,4,7,13,15,5,11,14,16,7,11,14,16,5,10,14,16
192,2008,"<img src=""../minidisc/BlackIndustry.png""/>",BlackIndustry,Black Industry,r300k & ALTITUNE,178,(89~178),3,4,9,12,5,10,12,16,6,11,15,18,0,0,0,0,3,4,9,12,5,10,12,16,6,11,15,18,4,10,13,16
193,2008,"<img src=""../minidisc/BlackIndustryRemix.png""/>",BlackIndustryRemix,Black Industry (And More Rock Version),And More,176, ,4,6,9,12,5,8,11,15,4,8,12,17,0,0,0,0,4,6,9,12,5,8,11,15,4,8,12,17,4,7,12,16
194,2008,"<img src=""../minidisc/BlackKey.png""/>",BlackKey,Black Key (黑鍵),Chopin,120, ,4,10,15,17,5,9,16,18,5,10,16,17,0,0,0,0,4,10,15,17,5,9,16,18,8,10,16,17,4,9,15,19
195,2008,"<img src=""../minidisc/TheBoyRemix2.png""/>",TheBoyRemix2,The Boy (Indigo Blue Mix),ALTiTUNE,115, ,2,6,11,13,3,7,12,14,4,8,11,13,0,0,0,0,2,6,11,13,3,7,12,14,4,8,11,13,3,7,12,14
196,2008,"<img src=""../minidisc/AfterRain.png""/>",AfterRain,Clear After Rain,ALTiTUNE,135, ,4,6,9,12,6,11,14,16,6,12,15,17,0,0,0,0,4,6,9,12,6,11,14,16,6,12,15,17,5,9,13,16
197,2008,"<img src=""../minidisc/EnergyFlower3007.png""/>",EnergyFlower3007,Energy Flower 3007,r300k,133, ,4,9,13,15,7,10,14,16,6,10,13,16,0,0,0,0,4,9,13,15,7,10,14,16,6,10,13,16,6,9,13,16
198,2008,"<img src=""../minidisc/FirstChoice.png""/>",FirstChoice,First Choice,M2U,150, ,3,5,10,13,4,9,13,16,6,10,13,15,0,0,0,0,3,5,10,13,4,9,13,16,6,10,13,15,5,10,13,16
199,2008,"<img src=""../minidisc/The1stMoonlight.png""/>",The1stMoonlight,The First Movement of Moonlight,Mnfc,150, ,3,5,9,13,3,8,12,16,5,8,11,15,0,0,0,0,3,5,9,13,3,8,12,16,5,8,11,15,5,8,12,16
200,2008,"<img src=""../minidisc/RefreshWinterRemix.png""/>",RefreshWinterRemix,Refresh Winter Remix,ALTiTUNE,145, ,3,6,9,12,5,9,12,14,4,8,11,14,0,0,0,0,3,6,9,12,5,9,12,14,4,8,11,14,4,8,11,13
201,2008,"<img src=""../minidisc/Round3Remix.png""/>",Round3Remix,Round 3 (The First Noel X-mas Edit),r300k,155, ,2,4,8,13,3,7,13,16,4,8,13,15,0,0,0,0,2,4,8,13,3,7,13,16,4,8,13,15,5,10,13,16
202,2008,"<img src=""../minidisc/SecondChoice.png""/>",SecondChoice,Second Choice,M2U,150, ,4,5,10,14,7,11,14,16,5,12,15,17,0,0,0,0,4,5,10,14,7,11,14,16,5,12,15,17,6,10,13,18
203,2008,"<img src=""../minidisc/SuddenDeath.png""/>",SuddenDeath,Sudden Death,DJ.Hamcheese,128, ,16,17,19,20,16,17,19,20,16,17,19,20,0,0,0,0,16,17,19,20,16,17,19,20,16,17,19,20,16,17,19,20
204,2008,"<img src=""../minidisc/SweetLand.png""/>",SweetLand,Sweet Land,ALTiTUNE,165, ,2,6,11,13,4,10,13,15,6,10,13,16,0,0,0,0,2,6,11,13,4,10,13,15,6,10,13,16,6,10,13,16
205,2008,"<img src=""../minidisc/TeMotion.png""/>",TeMotion,T-eMotion,SHK,140, ,3,5,10,13,5,8,11,14,4,9,12,14,0,0,0,0,3,5,10,13,5,8,11,14,4,9,12,14,5,8,10,14
206,2008,"<img src=""../minidisc/OnesTrash.png""/>",OnesTrash,The World is One's Oyster,r300k,128, ,3,6,8,11,6,8,12,15,7,10,13,15,0,0,0,0,3,6,8,11,6,8,12,15,7,10,13,15,5,8,12,15
207,2008,"<img src=""../minidisc/YouKeepMeWaiting.png""/>",YouKeepMeWaiting,You Keep Me Waiting,ALTiTUNE,106, ,5,8,10,12,4,9,12,15,5,11,13,16,0,0,0,0,5,8,10,12,4,9,12,15,5,11,13,16,2,6,11,15
208,2013,"<img src=""../minidisc/TheAshtray.png""/>",TheAshtray,The Ashtray,r300k,144, ,4,13,17,18,7,11,15,18,7,11,16,18,0,0,0,0,6,13,17,18,7,11,15,18,7,11,16,18,7,13,17,19
209,2013,"<img src=""../minidisc/AURA.png""/>",AURA,Aura,yak_won,150, ,4,9,13,16,6,11,15,17,5,11,14,17,0,0,0,0,4,9,13,16,6,11,15,17,5,11,14,17,4,10,13,16
210,2013,"<img src=""../minidisc/CommonStory.png""/>",CommonStory,Common Story,Happy Jackson,128, ,4,7,11,13,4,7,11,13,6,10,12,14,0,0,0,0,4,7,11,13,4,7,11,13,6,10,12,14,4,7,11,14
211,2013,"<img src=""../minidisc/DigitalLabyrinth.png""/>",DigitalLabyrinth,Digital Labyrinth,nato,150, ,4,9,14,17,4,10,13,16,6,10,13,16,0,0,0,0,4,9,14,17,4,10,13,16,6,10,13,16,6,10,13,16
212,2013,"<img src=""../minidisc/FrozenEyes.png""/>",FrozenEyes,Frozen Eyes,fromsmk,180,(90~180),5,7,12,15,5,10,13,16,6,9,12,15,0,0,0,0,5,7,12,15,5,10,13,16,6,9,12,15,6,9,13,16
213,2013,"<img src=""../minidisc/INFINITY.png""/>",INFINITY,INFINITY,Lunatic Sounds,175, ,4,10,14,17,5,10,14,18,5,9,14,19,0,0,0,0,4,10,14,17,5,10,14,18,5,9,14,19,6,12,16,19
214,2013,"<img src=""../minidisc/Kamui.png""/>",Kamui,Kamui (神威),TJ.Hangnail,210, ,5,12,15,18,7,11,17,20,7,14,18,20,0,0,0,0,7,12,15,18,7,11,17,20,9,14,18,20,7,14,18,20
215,2013,"<img src=""../minidisc/Lucid.png""/>",Lucid,Lucid,yak_won,175, ,4,13,17,19,5,14,17,19,7,14,16,19,0,0,0,0,4,13,17,19,5,14,17,19,7,14,16,19,7,12,16,20
216,2013,"<img src=""../minidisc/Monochrome.png""/>",Monochrome,Monochrome,seibin & TAK,111, ,3,8,12,15,4,8,11,14,4,9,13,16,0,0,0,0,3,8,12,15,4,8,11,14,4,9,13,16,3,7,11,14
217,2013,"<img src=""../minidisc/Nihilism.png""/>",Nihilism,Nihilism,nato,180, ,5,10,13,18,6,14,17,19,7,11,14,18,0,0,0,0,6,10,13,18,6,14,17,19,7,11,14,18,5,8,14,18
218,2013,"<img src=""../minidisc/Sigma.png""/>",Sigma,Sigma,fromsmk,160, ,5,12,15,18,5,12,15,17,2,8,13,17,0,0,0,0,5,12,15,18,5,12,15,17,2,8,13,17,8,12,15,17
219,2013,"<img src=""../minidisc/SnowDream.png""/>",SnowDream,Snow Dream,TAK,133, ,1,3,5,9,1,3,8,12,1,4,8,11,0,0,0,0,1,3,5,9,1,3,8,12,1,4,8,11,1,3,8,10
220,2013,"<img src=""../minidisc/SpecialKRemix.png""/>",SpecialKRemix,Special K (ALTiTUNE Mix),ALTiTUNE,135, ,4,6,8,13,5,7,9,13,5,8,11,12,0,0,0,0,4,6,8,13,5,7,9,13,5,8,11,12,3,6,9,13
221,2013,"<img src=""../minidisc/StoryOfBird.png""/>",StoryOfBird,The Story of Birds,seibin,171, ,3,6,12,15,5,8,13,15,4,9,13,16,0,0,0,0,3,6,12,15,5,8,13,15,4,9,13,16,4,9,13,15
222,2021,"<img src=""../minidisc/2ndLife.png""/>",2ndLife,2nd Life,yak_won,130, ,3,6,10,14,4,7,10,14,6,11,13,16,0,0,0,0,3,6,10,14,4,7,10,14,6,11,13,16,4,7,12,15
223,2021,"<img src=""../minidisc/AbsoluteDeath.png""/>",AbsoluteDeath,Absolute Death,LeCiel,146, ,3,6,11,15,7,10,13,17,8,11,14,16,0,0,0,0,3,6,11,15,7,10,13,17,8,11,14,16,9,13,15,17
224,2021,"<img src=""../minidisc/AIR.png""/>",AIR,Air (EZ2ON Ver.),SHIKI,178, ,5,10,15,18,5,14,17,20,7,14,18,20,0,0,0,0,5,10,15,18,8,14,17,20,7,14,18,20,10,13,16,20
225,2021,"<img src=""../minidisc/AlteredEgo.png""/>",AlteredEgo,Altered Ego,P4koo,191, ,5,8,12,16,5,10,15,18,8,12,15,18,0,0,0,0,5,8,12,16,5,10,15,18,8,12,15,18,7,11,15,18
226,2021,"<img src=""../minidisc/AquaFlow.png""/>",AquaFlow,Aqua Flow,wigen,160, ,5,8,11,14,3,6,11,16,5,9,11,15,0,0,0,0,5,8,11,14,3,6,11,16,5,9,11,15,2,6,10,16
227,2021,"<img src=""../minidisc/BrainPower.png""/>",BrainPower,Brain Power,NOMA,170,(170~173),4,9,12,16,7,12,16,18,7,13,17,19,0,0,0,0,4,9,12,16,7,12,16,18,7,13,17,19,7,12,15,18
228,2021,"<img src=""../minidisc/CallMeUpNow.png""/>",CallMeUpNow,Call me up now,FOIV,126, ,3,8,12,15,3,6,11,15,4,8,12,15,0,0,0,0,3,8,12,15,3,6,11,15,4,8,12,15,4,9,12,16
229,2021,"<img src=""../minidisc/Comet.png""/>",Comet,comet,wigen,190, ,4,8,13,16,5,9,12,15,3,9,13,18,0,0,0,0,4,8,13,16,5,9,12,15,3,9,13,18,4,10,14,18
230,2021,"<img src=""../minidisc/Conflict.png""/>",Conflict,conflict,siromaru+Cranky,160, ,4,10,15,18,5,11,15,19,5,10,16,19,0,0,0,0,4,10,15,18,5,11,15,19,5,10,16,19,6,12,15,19
231,2021,"<img src=""../minidisc/Dataerr0r.png""/>",Dataerr0r,DataErr0r,Cosmograph (Lunatic Sounds),180, ,5,9,12,16,6,10,15,17,6,10,14,17,0,0,0,0,5,9,12,16,6,10,15,17,6,10,14,17,8,11,15,18
232,2021,"<img src=""../minidisc/Daydream.png""/>",Daydream,Daydream,RiraN,150, ,5,9,12,16,4,10,15,18,5,9,15,18,0,0,0,0,5,9,12,16,4,10,15,18,5,9,15,18,5,10,15,17
233,2021,"<img src=""../minidisc/DontSayAnything.png""/>",DontSayAnything,Don't Say Anything,yak_won,135, ,4,9,13,15,7,12,15,17,5,12,15,17,0,0,0,0,4,9,13,15,7,12,15,17,5,12,15,17,5,10,13,16
234,2021,"<img src=""../minidisc/Engine.png""/>",Engine,Engine,eFeL,174, ,4,7,12,16,6,11,14,17,7,12,16,19,0,0,0,0,4,7,12,16,6,11,14,17,7,12,16,19,5,11,15,18
235,2021,"<img src=""../minidisc/EnterTheBeginning.png""/>",EnterTheBeginning,Enter the Beginning,Edvard.S,150, ,4,9,13,15,7,11,15,17,6,9,13,17,0,0,0,0,4,9,13,15,7,11,15,17,6,9,13,17,6,9,13,17
236,2021,"<img src=""../minidisc/Ez2onchanga.png""/>",Ez2onchanga,EZ2ON Changa,Han tae soo,140, ,3,7,12,15,3,8,11,15,4,10,14,16,0,0,0,0,3,7,12,15,3,8,11,15,4,10,14,16,5,10,13,16
237,2021,"<img src=""../minidisc/Finite.png""/>",Finite,Finite,sta,178, ,4,9,13,17,6,11,15,19,5,9,14,17,0,0,0,0,4,9,13,17,6,11,15,19,5,9,14,17,6,11,14,17
238,2021,"<img src=""../minidisc/TheFormula.png""/>",TheFormula,The Formula,Junk,144, ,5,9,13,15,6,11,14,17,7,12,15,18,0,0,0,0,5,9,13,15,6,11,14,17,7,12,15,18,7,12,16,18
239,2021,"<img src=""../minidisc/Freefloat.png""/>",Freefloat,Freefloat,yusi.,128, ,3,7,10,14,4,7,11,15,4,8,12,15,0,0,0,0,3,7,10,14,4,7,11,15,4,8,12,15,5,7,12,15
240,2021,"<img src=""../minidisc/Goodtek.png""/>",Goodtek,GOODTEK,EBIMAYO,190, ,4,9,14,17,7,11,14,18,6,12,15,20,0,0,0,0,4,9,14,17,7,11,14,18,6,12,15,20,8,13,17,20
241,2021,"<img src=""../minidisc/TheLastPage.png""/>",TheLastPage,The Last Page,ARForest,195, ,4,8,14,16,4,9,14,18,5,10,14,19,0,0,0,0,4,8,14,16,4,9,14,18,5,10,14,19,4,9,16,19
242,2021,"<img src=""../minidisc/LoveLie.png""/>",LoveLie,LOVE X LIE,J.SEASON X SOHEE(ELRIS),116, ,2,5,9,12,2,7,10,13,3,6,11,15,0,0,0,0,2,5,9,12,2,7,10,13,3,6,11,15,3,6,10,13
243,2021,"<img src=""../minidisc/Messier333.png""/>",Messier333,Messier 333,sun3,170, ,5,10,15,17,6,11,15,19,7,13,16,19,0,0,0,0,5,10,15,17,6,11,15,19,7,13,16,19,5,9,15,19
244,2021,"<img src=""../minidisc/Metatron.png""/>",Metatron,METATRON,SHIKI,190, ,4,8,12,15,5,13,15,18,5,13,15,18,0,0,0,0,4,8,12,15,8,13,15,18,7,13,15,18,8,13,17,19
245,2021,"<img src=""../minidisc/Milk.png""/>",Milk,MilK,Morimori Atsushi,150, ,3,6,11,15,3,6,10,15,6,11,14,17,0,0,0,0,3,6,11,15,3,6,10,15,6,11,14,17,5,8,12,16
246,2021,"<img src=""../minidisc/NeverFeelThisWay.png""/>",NeverFeelThisWay,Never Feel This Way,yak_won,140, ,4,8,12,16,7,11,14,16,7,11,15,17,0,0,0,0,4,8,12,16,7,11,14,16,7,11,15,17,5,11,13,17
247,2021,"<img src=""../minidisc/OnlySeeMeNow.png""/>",OnlySeeMeNow,Only See Me Now,Roy Mikelate,150, ,3,7,11,16,4,8,11,16,6,11,14,17,0,0,0,0,3,7,11,16,4,8,11,16,6,11,14,17,5,9,13,16
248,2021,"<img src=""../minidisc/Picking.png""/>",Picking,picking,Luze,170, ,4,12,15,18,7,11,16,20,5,14,18,20,0,0,0,0,6,12,15,18,7,11,16,20,8,14,18,20,8,12,15,19
249,2021,"<img src=""../minidisc/PUPA.png""/>",PUPA,PUPA,Morimori Atsushi,202,(50.5~202),5,11,16,19,5,10,16,20,6,13,18,20,0,0,0,0,5,11,16,19,5,10,16,20,6,13,18,20,5,11,17,20
250,2021,"<img src=""../minidisc/Rdecision.png""/>",Rdecision,R-decision,yak_won,141.9, ,4,9,12,15,5,8,11,15,5,9,11,15,0,0,0,0,4,9,12,15,5,8,11,15,5,9,11,15,5,9,12,15
251,2021,"<img src=""../minidisc/SingularPoint.png""/>",SingularPoint,SINGULAR POINT,ATAS,185, ,4,7,12,16,5,12,14,19,7,12,15,18,0,0,0,0,4,7,12,16,9,12,14,19,7,12,15,18,8,13,17,19
252,2021,"<img src=""../minidisc/Sinus.png""/>",Sinus,SINUS,yak_won,142, ,4,9,13,16,6,11,14,17,5,13,15,18,0,0,0,0,4,9,13,16,6,11,14,17,8,13,15,18,7,11,14,18
253,2021,"<img src=""../minidisc/Starflyer.png""/>",Starflyer,starflyer,P4koo,175, ,4,8,13,15,5,10,14,18,7,11,16,18,0,0,0,0,4,8,13,15,5,10,14,18,7,11,16,18,6,10,14,17
254,2021,"<img src=""../minidisc/TYR.png""/>",TYR,TYR,LhoU,190, ,6,10,15,17,6,12,16,19,5,12,16,19,0,0,0,0,6,10,15,17,6,12,16,19,5,12,16,19,7,12,16,19
255,2021,"<img src=""../minidisc/Ultimatum.png""/>",Ultimatum,ULTIMATUM,Cosmograph,202,(90~202),5,13,16,19,7,15,18,20,7,15,18,20,0,0,0,0,7,13,16,19,9,15,18,20,8,15,18,20,10,14,18,20
256,2021,"<img src=""../minidisc/WeAlive.png""/>",WeAlive,WE ALIVE,Cosmograph,127, ,3,6,10,14,3,9,12,15,5,8,12,16,0,0,0,0,3,6,10,14,3,9,12,15,5,8,12,16,6,9,12,15
257,TT,"<img src=""../minidisc/Beyond.png""/>",Beyond,#BEYOND,Roy C. & Transin,128, ,3,6,10,14,4,7,12,15,5,9,12,15,0,0,0,0,3,6,10,14,4,7,12,15,5,9,12,15,2,6,12,16
258,TT,"<img src=""../minidisc/BlackSourRuby.png""/>",BlackSourRuby,Black sour Ruby,Cosine,175, ,4,8,12,16,7,12,15,18,6,11,16,19,0,0,0,0,4,8,12,16,7,12,15,18,6,11,16,19,6,11,15,18
259,TT,"<img src=""../minidisc/CtrlAltDel.png""/>",CtrlAltDel,Ctrl + Alt + Del,Roy Mikelate,128, ,3,5,10,14,3,6,10,15,3,8,11,15,0,0,0,0,3,5,10,14,3,6,10,15,3,8,11,15,4,10,13,15
260,TT,"<img src=""../minidisc/DarkerThanBlack.png""/>",DarkerThanBlack,Darker than Black,Springhead,106, ,3,8,12,15,4,9,12,15,6,11,13,15,0,0,0,0,3,8,12,15,4,9,12,15,6,11,13,15,5,8,12,15
261,TT,"<img src=""../minidisc/EncounterOnOrbit.png""/>",EncounterOnOrbit,Encounter on orbit,Aresynth,185, ,6,10,14,17,9,11,15,19,7,13,16,19,0,0,0,0,6,10,14,17,9,11,15,19,7,13,16,19,7,13,16,20
262,TT,"<img src=""../minidisc/Guardian.png""/>",Guardian,Guardian,Lunatic Sounds,178, ,5,11,15,18,10,13,17,20,9,14,17,20,0,0,0,0,5,11,15,18,10,13,17,20,9,14,17,20,9,14,17,20
263,TT,"<img src=""../minidisc/HitechSodaMachine.png""/>",HitechSodaMachine,Hi-TECH Soda Machine,M0DRA1D,147, ,4,9,12,17,7,11,15,18,8,12,16,18,0,0,0,0,4,9,12,17,7,11,15,18,8,12,16,18,6,11,15,18
264,TT,"<img src=""../minidisc/LastKnot.png""/>",LastKnot,Last Knot,Sobrem,175, ,4,9,13,16,5,10,13,18,4,12,16,18,0,0,0,0,4,9,13,16,5,10,13,18,4,12,16,18,6,12,16,19
265,TT,"<img src=""../minidisc/PrecisionStrike.png""/>",PrecisionStrike,Precision Strike,Lokan,132, ,4,7,12,15,5,8,11,16,5,9,15,17,0,0,0,0,4,7,12,15,5,8,11,16,5,9,15,17,6,10,14,17
266,TT,"<img src=""../minidisc/Skyline.png""/>",Skyline,Skyline,Lokan,112, ,3,7,11,15,5,10,12,15,6,10,14,16,0,0,0,0,3,7,11,15,5,10,12,15,6,10,14,16,6,10,13,16
267,TT,"<img src=""../minidisc/SweetStar.png""/>",SweetStar,sweet★star,ginkiha,150, ,4,9,12,15,4,7,12,16,5,10,14,16,0,0,0,0,4,9,12,15,4,7,12,16,5,10,14,16,5,9,13,16
268,TT,"<img src=""../minidisc/8thPlanetRemix.png""/>",8thPlanetRemix,8th Planet (Progressive House Remix),P4koo,130, ,5,10,12,15,4,10,14,16,5,10,14,16,0,0,0,0,5,10,12,15,4,10,14,16,5,10,14,16,5,10,14,16
269,TT,"<img src=""../minidisc/Destruction.png""/>",Destruction,Destruction,DJ MURASAME,151, ,5,11,16,18,7,13,16,20,6,13,17,20,0,0,0,0,5,11,16,18,7,13,16,20,6,13,17,20,6,13,16,19
270,TT,"<img src=""../minidisc/Footprints.png""/>",Footprints,Footprints,Lokan,180, ,4,7,14,17,4,10,15,18,4,9,14,17,0,0,0,0,4,7,14,17,4,10,15,18,4,9,14,17,5,12,14,16
271,TT,"<img src=""../minidisc/LastFlight.png""/>",LastFlight,Last Flight,P4koo,174, ,5,10,15,18,6,13,16,20,7,13,17,20,0,0,0,0,5,10,15,18,6,13,16,20,7,13,17,20,7,14,17,20
272,TT,"<img src=""../minidisc/Regeneraxion.png""/>",Regeneraxion,Regeneraxion,Reku Mochizuki,175, ,4,10,13,16,6,12,14,17,6,11,15,17,0,0,0,0,4,10,13,16,6,12,14,17,6,11,15,17,7,12,15,17
273,TT,"<img src=""../minidisc/StarSeeker.png""/>",StarSeeker,Starseeker,ATAS,142, ,4,9,13,16,6,10,15,17,6,12,15,18,0,0,0,0,4,9,13,16,6,10,15,17,6,12,15,18,5,11,14,17
274,CV,"<img src=""../minidisc/Apollon.png""/>",Apollon,ApolloN,sun3,180, ,6,11,16,18,5,11,15,19,6,12,18,20,0,0,0,0,6,11,16,18,5,11,15,19,6,12,18,20,6,11,14,18
275,CV,"<img src=""../minidisc/Atomizer.png""/>",Atomizer,Atomizer,KIEN,184, ,4,9,13,16,6,9,12,16,6,11,14,16,0,0,0,0,4,9,13,16,6,9,12,16,6,11,14,16,5,9,12,16
276,CV,"<img src=""../minidisc/BloodCastleRemix.png""/>",BloodCastleRemix,Blood Castle -Remix-,M2U x TAK,160,(74~160),6,10,15,17,4,11,13,17,7,12,16,18,0,0,0,0,6,10,15,17,4,11,13,17,7,12,16,18,6,12,14,17
277,CV,"<img src=""../minidisc/DollsGarden.png""/>",DollsGarden,Doll's Garden,Memme,160, ,4,8,12,16,4,11,15,17,7,13,15,17,0,0,0,0,4,8,12,16,4,11,15,17,7,13,15,17,5,11,15,17
278,CV,"<img src=""../minidisc/EraserRainForGaia.png""/>",EraserRainForGaia,Eraser Rain for GAIA,Ira,175, ,5,10,14,17,5,11,13,17,8,12,15,17,0,0,0,0,5,10,14,17,5,11,13,17,8,12,15,17,7,11,15,18
279,CV,"<img src=""../minidisc/LeGrandBleu.png""/>",LeGrandBleu,Le Grand Bleu,KIEN,165, ,4,10,14,18,4,9,12,17,5,13,16,18,0,0,0,0,4,10,14,18,4,9,12,17,5,13,16,18,5,9,12,17
280,CV,"<img src=""../minidisc/Loki.png""/>",Loki,LOKI,Lotze (SHK),140, ,3,6,13,16,6,12,14,17,8,13,16,18,0,0,0,0,3,6,13,16,6,12,14,17,8,13,16,18,5,11,14,17
281,CV,"<img src=""../minidisc/StayTAKRemix.png""/>",StayTAKRemix,Stay (TAK Remix),TAK,125, ,4,9,12,15,5,9,13,15,4,10,13,16,0,0,0,0,4,9,12,15,5,9,13,15,4,10,13,16,5,10,12,16
282,CV,"<img src=""../minidisc/TempusPraeterita.png""/>",TempusPraeterita,Tempus Praeterita,Ira,145, ,4,9,12,16,6,10,13,17,7,12,15,18,0,0,0,0,4,9,12,16,6,10,13,17,7,12,15,18,5,11,14,17
283,CV,"<img src=""../minidisc/WarsOfTheRoses.png""/>",WarsOfTheRoses,"Wars of the Roses, 1455",Lotze,140,(100~140),2,7,12,15,5,10,12,16,6,12,15,17,0,0,0,0,2,7,12,15,5,10,12,16,6,12,15,17,4,11,13,16
284,PP,"<img src=""../minidisc/2038.png""/>",2038,2038 (2022 Version),Yamajet,138, ,3,8,13,16,4,10,12,16,4,11,14,17,0,0,0,0,3,8,13,16,4,10,12,16,4,11,14,17,6,11,14,17
285,PP,"<img src=""../minidisc/AShowdown.png""/>",AShowdown,A Showdown Between Two Prideful Geniuses,EmoCosine vs. RiraN,175, ,4,10,14,17,4,8,13,18,6,12,16,18,0,0,0,0,4,10,14,17,4,8,13,18,6,12,16,18,7,11,14,17
286,PP,"<img src=""../minidisc/AlmostThere.png""/>",AlmostThere,Almost There,TAK (feat.9 5jack),156, ,3,8,13,16,4,7,12,17,6,12,15,18,0,0,0,0,3,8,13,16,4,7,12,17,6,12,15,18,5,10,14,16
287,PP,"<img src=""../minidisc/Atopy.png""/>",Atopy,ATOPY,SANY-ON,190, ,5,11,15,19,5,10,15,19,5,14,17,20,0,0,0,0,5,11,15,19,5,10,15,19,5,14,17,20,8,12,17,20
288,PP,"<img src=""../minidisc/Backfire.png""/>",Backfire,Backfire,Roy Mikelate (feat.Sobrem),210, ,5,11,15,19,5,10,15,19,9,12,16,19,0,0,0,0,5,11,15,19,5,10,15,19,9,12,16,19,7,13,16,19
289,PP,"<img src=""../minidisc/BelongToYou.png""/>",BelongToYou,Belong To You,Jeon Jun Kyu,119, ,4,7,10,14,3,7,12,16,6,10,13,16,0,0,0,0,4,7,10,14,3,7,12,16,6,10,13,16,3,10,13,16
290,PP,"<img src=""../minidisc/Coastline.png""/>",Coastline,coastline,iMp,146, ,3,8,12,16,3,7,11,16,3,11,14,17,0,0,0,0,3,8,12,16,3,7,11,16,3,11,14,17,4,9,12,16
291,PP,"<img src=""../minidisc/CyberneticGeist.png""/>",CyberneticGeist,Cybernetic Geist,KARUT,150, ,5,10,14,17,5,10,13,18,5,12,15,18,0,0,0,0,5,10,14,17,5,10,13,18,5,12,15,18,7,12,15,18
292,PP,"<img src=""../minidisc/DecisionAltitude.png""/>",DecisionAltitude,Decision Altitude,A1NVERSE,175, ,5,11,14,18,5,10,14,17,4,11,15,18,0,0,0,0,5,11,14,18,5,10,14,17,4,11,15,18,5,11,15,18
293,PP,"<img src=""../minidisc/DiabolicSwing.png""/>",DiabolicSwing,Diabolic Swing,t+pazolite,256, ,5,11,16,18,5,10,15,18,7,11,15,19,0,0,0,0,5,11,16,18,5,10,15,18,7,11,15,19,6,10,15,19
294,PP,"<img src=""../minidisc/Faker.png""/>",Faker,Faker,Sigma X3,176, ,4,9,13,17,5,9,13,17,5,11,15,18,0,0,0,0,4,9,13,17,5,9,13,17,5,11,15,18,5,9,14,17
295,PP,"<img src=""../minidisc/Felys.png""/>",Felys,felys -final remix-,onoken,180,(90~180),5,9,14,17,5,10,14,17,7,12,14,18,0,0,0,0,5,9,14,17,5,10,14,17,7,12,14,18,5,12,14,18
296,PP,"<img src=""../minidisc/FindAWay.png""/>",FindAWay,FiND A WAY,REDALiCE,185, ,5,10,15,18,6,12,16,19,6,13,16,19,0,0,0,0,5,10,15,18,6,12,16,19,6,13,16,19,5,9,15,19
297,PP,"<img src=""../minidisc/GlacialAlice.png""/>",GlacialAlice,Glacial Alice,ATAS,142, ,4,9,13,16,4,9,13,16,8,12,15,18,0,0,0,0,4,9,13,16,4,9,13,16,8,12,15,18,8,12,14,17
298,PP,"<img src=""../minidisc/Glimmering.png""/>",Glimmering,Glimmering,ARForest,205, ,5,12,15,18,5,11,16,19,5,11,16,19,0,0,0,0,5,12,15,18,5,11,16,19,5,11,16,19,6,12,16,19
299,PP,"<img src=""../minidisc/GoBack.png""/>",GoBack,Go Back,PlanetBoom (feat. Miya),145, ,3,8,11,14,3,6,10,14,4,10,13,15,0,0,0,0,3,8,11,14,3,6,10,14,4,10,13,15,4,9,13,15
300,PP,"<img src=""../minidisc/Higher.png""/>",Higher,Higher,ND Lee,140, ,3,8,13,16,2,8,10,15,2,7,11,15,0,0,0,0,3,8,13,16,2,8,10,15,2,7,11,15,4,8,11,16
301,PP,"<img src=""../minidisc/IronCloud.png""/>",IronCloud,Iron Cloud,r300k,160, ,4,10,14,17,6,10,14,18,9,12,15,17,0,0,0,0,4,10,14,17,6,10,14,18,9,12,15,17,6,12,16,18
302,PP,"<img src=""../minidisc/Justitia.png""/>",Justitia,JUSTITIA,Cosmograph vs. Lunatic Sounds (feat.NieN),290,(80~290),8,15,18,20,8,14,17,20,7,14,18,20,0,0,0,0,8,15,18,20,8,14,17,20,7,14,18,20,9,15,18,20
303,PP,"<img src=""../minidisc/Kings.png""/>",Kings,Kings,雨漏りP (AmamoriP),142, ,4,9,12,16,5,9,13,17,5,11,14,17,0,0,0,0,4,9,12,16,5,9,13,17,5,11,14,17,5,10,13,17
304,PP,"<img src=""../minidisc/Kthnox.png""/>",Kthnox,kthnox,Sobrem,162,(120~162),4,12,15,17,5,9,14,18,8,11,16,18,0,0,0,0,4,12,15,17,5,9,14,18,8,11,16,18,5,11,16,18
305,PP,"<img src=""../minidisc/Lightyear.png""/>",Lightyear,LIGHTYEAR,Zekk,185, ,4,10,15,17,4,8,14,17,7,12,16,18,0,0,0,0,4,10,15,17,4,8,14,17,7,12,16,18,9,12,16,19
306,PP,"<img src=""../minidisc/Limbo.png""/>",Limbo,LIMBO,Morit,191.91, ,8,14,18,20,6,14,18,20,7,14,18,20,0,0,0,0,8,14,18,20,6,14,18,20,7,14,18,20,7,14,18,20
307,PP,"<img src=""../minidisc/MAX301.png""/>",MAX301,MAX301,NAOKI underground -Ω-,301,(17.25~301),6,13,16,19,6,11,15,19,5,13,17,20,0,0,0,0,6,13,16,19,6,11,15,19,5,13,17,20,5,11,15,18
308,PP,"<img src=""../minidisc/NextEndeavour.png""/>",NextEndeavour,Next Endeavour,Orvalism,140, ,3,6,12,15,4,10,12,16,3,11,15,17,0,0,0,0,3,6,12,15,4,10,12,16,3,11,15,17,4,10,14,16
309,PP,"<img src=""../minidisc/NobodyFaceLove.png""/>",NobodyFaceLove,Nobody Face Love,RiraN,155, ,5,10,14,17,6,9,12,16,7,10,14,17,0,0,0,0,5,10,14,17,6,9,12,16,7,10,14,17,5,8,12,16
310,PP,"<img src=""../minidisc/One.png""/>",One,ONE, Nauts,120, ,3,7,10,14,3,6,10,15,4,8,11,15,0,0,0,0,3,7,10,14,3,6,10,15,4,8,11,15,4,8,12,15
311,PP,"<img src=""../minidisc/OverDrying.png""/>",OverDrying,Over Drying,M2U,128, ,3,9,12,15,4,9,12,16,5,12,15,17,0,0,0,0,3,9,12,15,4,9,12,16,5,12,15,17,4,10,12,16
312,PP,"<img src=""../minidisc/Ozma.png""/>",Ozma,ozma,TJ.hangneil,220,(27.5~220),7,13,16,19,7,11,15,20,7,13,16,20,0,0,0,0,7,13,16,19,7,11,15,20,7,13,16,20,5,12,16,20
313,PP,"<img src=""../minidisc/RFC2.png""/>",RFC2,R.F.C. II,ND Lee,280, ,5,13,16,19,7,14,17,20,12,15,18,20,0,0,0,0,5,13,16,19,7,14,17,20,12,15,18,20,7,14,17,20
314,PP,"<img src=""../minidisc/ROD7.png""/>",ROD7,ROD7 -Regions Of Desolation-, NieN,220, ,6,12,16,19,6,13,17,20,6,13,17,20,0,0,0,0,6,12,16,19,6,13,17,20,6,13,17,20,7,13,17,20
315,PP,"<img src=""../minidisc/SakuraGarden.png""/>",SakuraGarden,Sakura Garden,M2U × Pica,140, ,4,8,13,15,5,9,13,16,4,11,14,17,0,0,0,0,4,8,13,15,5,9,13,16,4,11,14,17,5,10,13,16
316,PP,"<img src=""../minidisc/StartMeUp.png""/>",StartMeUp,Start Me Up,Tatsh,185,(120~185),5,11,15,17,6,10,15,19,4,10,15,18,0,0,0,0,5,11,15,17,6,10,15,19,4,10,15,18,6,11,14,18
317,PP,"<img src=""../minidisc/Stay2022.png""/>",Stay2022,Stay 2022,Jeon Jun-Kyu & SCOTT MAC,126, ,4,9,12,15,4,8,11,15,5,9,13,16,0,0,0,0,4,9,12,15,4,8,11,15,5,9,13,16,4,8,11,15
318,PP,"<img src=""../minidisc/Stella.png""/>",Stella,Stella,NieN (feat. Lee Ji Ae),138, ,2,6,11,15,3,6,10,15,3,8,12,15,0,0,0,0,2,6,11,15,3,6,10,15,3,8,12,15,6,10,13,16
319,PP,"<img src=""../minidisc/Takeoff.png""/>",Takeoff,TakeOFF,A1NVERSE,170, ,4,10,14,17,6,12,16,18,6,11,16,18,0,0,0,0,4,10,14,17,6,12,16,18,6,11,16,18,4,8,12,18
320,PP,"<img src=""../minidisc/Troma.png""/>",Troma,TROMA,Planetboom,106, ,4,8,12,16,4,10,13,16,6,10,14,16,0,0,0,0,4,8,12,16,4,10,13,16,6,10,14,16,5,9,13,16
321,PP,"<img src=""../minidisc/Trpno.png""/>",Trpno,TRPNO,Nauts,150, ,4,10,13,16,4,7,13,17,6,13,16,18,0,0,0,0,4,10,13,16,4,7,13,17,11,13,16,18,7,13,16,18
322,PP,"<img src=""../minidisc/UnleashedEmotions.png""/>",UnleashedEmotions,Unleashed Emotions,TAG,155, ,5,11,15,17,5,11,14,17,8,13,16,19,0,0,0,0,5,11,15,17,5,11,14,17,8,13,16,19,5,9,13,18
323,PP,"<img src=""../minidisc/VariousWays.png""/>",VariousWays,Various Ways,Yamajet,192, ,4,9,14,17,4,8,13,17,7,13,16,18,0,0,0,0,4,9,14,17,4,8,13,17,7,13,16,18,6,9,14,17
324,PP,"<img src=""../minidisc/KenpoSaito.png""/>",KenpoSaito,個人的なメモ (KENPO SAITO),ASLETIcs x Zpinkpong,77, ,3,6,11,15,2,5,8,15,2,6,11,15,0,0,0,0,3,6,11,15,2,5,8,15,2,6,11,15,2,5,9,15
325,PP,"<img src=""../minidisc/Gaehwa.png""/>",Gaehwa,開花,Memme,185, ,5,10,14,18,7,14,17,20,5,13,18,20,0,0,0,0,5,10,14,18,7,14,17,20,5,13,18,20,4,13,17,20
326,O2,"<img src=""../minidisc/O2_Beautifulday.png""/>",O2_Beautifulday,Beautiful Day,BeautifulDay,140, ,4,9,14,17,6,10,13,16,3,8,14,16,0,0,0,0,4,9,14,17,6,10,13,16,3,8,14,16,6,9,13,16
327,O2,"<img src=""../minidisc/O2_Blackdragon.png""/>",O2_Blackdragon,Black Dragon,Memme,162, ,5,11,15,19,6,12,16,20,6,12,17,20,0,0,0,0,5,11,15,19,6,12,16,20,6,12,17,20,9,14,17,20
328,O2,"<img src=""../minidisc/O2_Bluemoon.png""/>",O2_Bluemoon,Blue Moon,nao.paradigm (em9),141, ,4,9,13,16,5,9,13,17,5,12,15,17,0,0,0,0,4,9,13,16,5,9,13,17,5,12,15,17,3,8,13,17
329,O2,"<img src=""../minidisc/O2_Brideindream.png""/>",O2_Brideindream,Bride in Dream,BeautifulDay,116,(58~116),3,8,13,16,4,10,13,17,4,11,13,16,0,0,0,0,3,8,13,16,4,10,13,17,4,11,13,16,5,11,15,17
330,O2,"<img src=""../minidisc/O2_Canyoufeel.png""/>",O2_Canyoufeel,Can You Feel !!!,Brandy,108, ,2,5,10,14,4,9,12,15,3,8,12,15,0,0,0,0,2,5,10,14,4,9,12,15,3,8,12,15,4,9,13,16
331,O2,"<img src=""../minidisc/O2_Crosstime.png""/>",O2_Crosstime,Cross Time !!,Brandy,160,(80~320),4,10,14,18,5,11,14,18,6,11,15,18,0,0,0,0,4,10,14,18,5,11,14,18,6,11,15,18,6,11,14,17
332,O2,"<img src=""../minidisc/O2_Asinayo.png""/>",O2_Asinayo,Do You Know?,HiTaZ (from S.I.D-Sound),130, ,2,5,11,15,3,6,10,15,5,9,13,17,0,0,0,0,2,5,11,15,3,6,10,15,5,9,13,17,3,6,12,16
333,O2,"<img src=""../minidisc/O2_Endoffight.png""/>",O2_Endoffight,End of Fight,All.o2SE,150, ,5,12,16,18,5,12,15,19,5,13,16,19,0,0,0,0,5,12,16,18,5,12,15,19,5,13,16,19,7,13,17,19
334,O2,"<img src=""../minidisc/O2_Feeltheo2jam.png""/>",O2_Feeltheo2jam,Feel the O2Jam,BeautifulDay,140, ,4,10,14,16,4,10,14,17,5,10,15,17,0,0,0,0,4,10,14,16,4,10,14,17,5,10,15,17,5,10,14,17
335,O2,"<img src=""../minidisc/O2_Gohell.png""/>",O2_Gohell,Go Hell,Red Pulse,145,(72.5~290),5,10,14,17,5,9,13,16,6,11,14,17,0,0,0,0,5,10,14,17,5,9,13,16,6,11,14,17,6,9,12,17
336,O2,"<img src=""../minidisc/O2_Headlesschicken.png""/>",O2_Headlesschicken,Headless Chicken,r300k,181, ,4,9,14,18,5,10,15,19,8,13,16,19,0,0,0,0,4,9,14,18,5,10,15,19,8,13,16,19,6,10,14,18
337,O2,"<img src=""../minidisc/O2_Identitypart2.png""/>",O2_Identitypart2,Identity Part II,SHK,150,(75~600),5,11,15,19,5,12,17,20,7,12,17,20,0,0,0,0,5,11,15,19,5,12,17,20,7,12,17,20,6,13,17,20
338,O2,"<img src=""../minidisc/O2_Likethis.png""/>",O2_Likethis,Like This,Raven,100, ,1,4,8,13,1,4,9,13,1,5,9,13,0,0,0,0,1,4,8,13,1,4,9,13,1,5,9,13,2,4,9,14
339,O2,"<img src=""../minidisc/O2_Moveitondjhdmix.png""/>",O2_Moveitondjhdmix,Move it on (DJ HD Mix),Brandy,127,(63.5~254),4,9,13,16,7,12,15,17,5,11,14,17,0,0,0,0,4,9,13,16,7,12,15,17,5,11,14,17,7,11,15,17
340,O2,"<img src=""../minidisc/O2_Startonred.png""/>",O2_Startonred,Start On <Red>,nato,160, ,4,10,14,17,5,12,16,19,6,14,17,19,0,0,0,0,4,10,14,17,5,12,16,19,6,14,17,19,8,13,16,18
341,O2,"<img src=""../minidisc/O2_Festivalofghost.png""/>",O2_Festivalofghost,The Festival of Ghost,Brandy,105,(52.5~210),4,7,10,12,4,8,10,12,4,7,9,12,0,0,0,0,4,7,10,12,4,8,10,12,4,7,9,12,4,6,9,12
342,O2,"<img src=""../minidisc/O2_Pol.png""/>",O2_Pol,The Power of Light,MAX,155,(155~251.67),4,11,15,17,6,11,15,18,7,12,15,18,0,0,0,0,4,11,15,17,6,11,15,18,7,12,15,18,6,11,16,18
343,O2,"<img src=""../minidisc/O2_Thequeen.png""/>",O2_Thequeen,The Queen,M2U,125, ,4,9,12,16,5,10,13,16,5,13,15,17,0,0,0,0,4,9,12,16,5,10,13,16,5,13,15,17,6,11,14,17
344,O2,"<img src=""../minidisc/O2_Unisonsystem.png""/>",O2_Unisonsystem,Unison System,Memme,155, ,4,9,14,17,6,12,16,18,7,13,16,18,0,0,0,0,4,9,14,17,6,12,16,18,7,13,16,18,7,12,16,19
345,O2,"<img src=""../minidisc/O2_Visualdream.png""/>",O2_Visualdream,Visual Dream !!,Brandy,140,(70~140),4,8,13,16,5,10,14,16,6,11,14,16,0,0,0,0,4,8,13,16,5,10,14,16,6,11,14,16,5,10,13,16
346,O2,"<img src=""../minidisc/O2_Baram.png""/>",O2_Baram,Wings of Wind,FE,136, ,2,6,11,15,4,9,13,15,6,11,13,16,0,0,0,0,2,6,11,15,4,9,13,15,6,11,13,16,3,8,12,16
347,O2,"<img src=""../minidisc/o2_christmasmemory.png""/>",o2_christmasmemory,Christmas Memories,BeautifulDay,174,(87~248),2,6,10,14,4,7,11,14,4,9,12,15,0,0,0,0,2,6,10,14,4,7,11,14,4,9,12,15,4,7,11,15
348,GC,"<img src=""../minidisc/GC_10pt8ion.png""/>",GC_10pt8ion,10pt8ion,Lite Show Magic,185,(128~185),5,11,15,18,6,11,14,19,8,14,17,19,0,0,0,0,5,11,15,18,6,11,14,19,8,14,17,19,7,13,16,19
349,GC,"<img src=""../minidisc/GC_Cosmicexpress.png""/>",GC_Cosmicexpress,Cosmic Express,Snail's House,174, ,4,7,13,16,4,7,12,17,4,9,14,17,0,0,0,0,4,7,13,16,4,7,12,17,4,9,14,17,5,8,14,17
350,GC,"<img src=""../minidisc/GC_Dotted8th.png""/>",GC_Dotted8th,DOTTED 8TH,SATO,128, ,3,7,12,15,3,6,10,15,3,6,12,16,0,0,0,0,3,7,12,15,3,6,10,15,3,6,12,16,3,7,12,16
351,GC,"<img src=""../minidisc/GC_Fujinrumble.png""/>",GC_Fujinrumble,FUJIN Rumble,COSIO,192,(96~192),5,11,15,18,6,11,15,19,6,13,17,19,0,0,0,0,5,11,15,18,6,11,15,19,6,13,17,19,6,11,16,19
352,GC,"<img src=""../minidisc/GC_Merlin.png""/>",GC_Merlin,MERLIN,REDALiCE,180, ,4,10,14,17,5,9,13,18,5,10,14,18,0,0,0,0,4,10,14,17,5,9,13,18,5,10,14,18,4,10,15,18
353,GC,"<img src=""../minidisc/GC_Nowayout.png""/>",GC_Nowayout,No Way Out,ARM,175, ,4,10,15,17,5,11,13,17,4,9,15,17,0,0,0,0,4,10,15,17,5,11,13,17,4,9,15,17,4,7,13,17
354,GC,"<img src=""../minidisc/GC_Omegaax.png""/>",GC_Omegaax,Omega Ax,MASAKI,189, ,5,12,17,19,7,14,18,20,7,14,18,20,0,0,0,0,5,12,17,19,7,14,18,20,7,14,18,20,7,13,17,20
355,GC,"<img src=""../minidisc/GC_Ouroboros.png""/>",GC_Ouroboros,ouroboros -twin stroke of the end-,Cranky VS MASAKI,188, ,6,12,16,19,7,13,18,20,8,15,18,20,0,0,0,0,6,12,16,19,7,13,18,20,8,15,18,20,10,14,18,20
356,GC,"<img src=""../minidisc/GC_Perasperaadastra.png""/>",GC_Perasperaadastra,Per Aspera Ad Astra,xi,210, ,6,13,17,19,6,12,17,20,7,15,18,20,0,0,0,0,6,13,17,19,6,12,17,20,7,15,18,20,8,14,17,20
357,GC,"<img src=""../minidisc/GC_Volt.png""/>",GC_Volt,VOLT,aran,174, ,4,9,13,17,4,8,12,16,5,11,15,17,0,0,0,0,4,9,13,17,4,8,12,16,5,11,15,17,8,11,15,18
